Selected,User ID,Vehicle Model,Time of Day,Battery Capacity (kWh),Energy Consumed (kWh),Charging Duration (hours),Charging Rate (kW),Charging Cost (USD),Distance Driven (since last charge) (km),Temperature (°C)
No,User_1,BMW i3,Evening,108.463,60.7123,0.591363,36.3892,13.0877,293.602,27.948
No,User_2,Hyundai Kona,Morning,100,12.3393,3.13365,30.6777,21.1284,112.113,14.311
No,User_3,Chevy Bolt,Morning,75,19.1289,2.45265,27.5136,35.6673,71.7993,21.002
No,User_4,Hyundai Kona,Evening,50,79.4578,1.26643,32.8829,13.0362,199.578,38.3163
No,User_5,Hyundai Kona,Morning,50,19.6291,2.01977,10.2157,10.1615,203.662,-7.8342
No,User_6,Nissan Leaf,Evening,50,43.1811,1.16764,14.3345,36.9003,143.68,-5.27422
No,User_7,Chevy Bolt,Evening,85,36.8621,3.53962,26.1852,22.2142,81.338,27.5513
No,User_8,Chevy Bolt,Afternoon,75,51.4676,2.6554,26.7029,9.79682,116.543,-4.41746
No,User_9,Chevy Bolt,Evening,62,43.5924,1.7242,14.2949,32.465,208.26,22.5167
No,User_10,Hyundai Kona,Morning,50,78.8686,2.02687,11.761,21.3123,54.0063,27.512
No,User_11,BMW i3,Night,50,18.2062,2.64864,10.3107,38.2212,64.6346,0.500434
No,User_12,Chevy Bolt,Evening,85,22.5649,2.05789,4.46482,14.0509,194.764,34.2626
No,User_13,Hyundai Kona,Afternoon,100,34.2565,3.06558,5.52369,10.9721,249.128,23.663
No,User_14,Nissan Leaf,Morning,75,16.5611,3.59097,19.7691,37.4419,159.232,34.1103
No,User_15,BMW i3,Afternoon,85,12.9275,3.42181,24.2112,18.5528,155.361,39.5054
No,User_16,Nissan Leaf,Evening,100,27.3543,2.70329,11.1125,33.0935,247.659,-8.30214
No,User_17,BMW i3,Evening,97.6818,24.7269,3.45868,49.4027,17.4948,237.306,4.41533
No,User_18,Hyundai Kona,Evening,50,23.824,0.848218,6.61428,6.43059,22.0068,18.4057
No,User_19,Tesla Model 3,Evening,100,42.638,0.807532,20.4908,25.0788,280.862,37.4304
No,User_20,BMW i3,Morning,50,48.4825,2.58093,45.2914,7.09084,243.256,9.20241
No,User_21,Nissan Leaf,Night,50,50.2791,3.16887,30.49,28.8729,15.4204,33.9803
No,User_22,Hyundai Kona,Evening,62,59.135,2.93176,25.963,34.8532,219.626,-2.75507
No,User_23,BMW i3,Afternoon,75,49.1964,2.56282,19.1949,14.8561,298.188,39.9589
No,User_24,Tesla Model 3,Morning,100,68.4471,2.07143,49.7103,38.4061,280.915,3.58084
No,User_25,Tesla Model 3,Morning,100,27.6044,0.957138,11.2385,24.0375,173.472,35.9778
No,User_26,Chevy Bolt,Morning,75,40.178,3.60417,12.3186,38.7632,82.7546,21.5368
No,User_27,Chevy Bolt,Afternoon,75,43.4878,3.65254,36.1824,27.4483,80.9127,29.8722
No,User_28,Nissan Leaf,Night,50,10.3385,1.54771,45.7767,9.85583,162.687,5.50476
No,User_29,BMW i3,Afternoon,75,31.6845,2.43968,48.6487,25.6171,153.597,20.3786
No,User_30,BMW i3,Afternoon,75,56.5933,3.15326,45.8117,33.1321,186.156,12.3334
No,User_31,Chevy Bolt,Afternoon,100,19.4738,1.43553,7.04394,36.9453,153.597,8.35291
No,User_32,BMW i3,Evening,100,38.2892,2.00766,12.0644,17.0118,238.909,2.27316
No,User_33,BMW i3,Evening,100,16.1362,1.30693,21.5178,26.4382,35.5039,39.384
No,User_34,Tesla Model 3,Afternoon,62,60.0671,0.9991,7.65157,18.0344,46.3576,13.9916
No,User_35,Chevy Bolt,Afternoon,75,57.7244,1.87358,4.48565,35.503,157.615,28.4298
No,User_36,Hyundai Kona,Evening,75,37.3745,2.89168,18.8658,29.8662,76.2035,59.932
No,User_37,Chevy Bolt,Evening,75,39.9406,3.47,28.6252,15.8553,102.43,31.4613
No,User_38,Hyundai Kona,Night,75,73.3866,1.04045,38.4508,15.8827,42.0957,33.9296
No,User_39,Tesla Model 3,Afternoon,85,61.5208,1.28041,12.5102,26.5057,141.244,5.76105
No,User_40,Nissan Leaf,Morning,100,68.1779,3.24245,23.3116,8.49857,130.376,-3.19146
No,User_41,BMW i3,Night,79.7992,67.5181,1.96234,6.89788,29.2224,119.631,35.2332
No,User_42,Tesla Model 3,Morning,100,39.3987,2.39772,20.4604,26.6197,111.017,19.7811
No,User_43,BMW i3,Night,85,12.0493,1.37388,29.4689,32.0421,83.2452,39.4161
No,User_44,Nissan Leaf,Afternoon,48.7965,77.0536,3.0302,8.38804,6.36463,144.014,22.0695
No,User_45,Nissan Leaf,Morning,75,42.6429,3.29606,5.11461,30.038,49.3843,32.0146
No,User_46,Tesla Model 3,Evening,62,46.8072,3.87799,16.9183,10.6089,210.171,-0.039079
No,User_47,Nissan Leaf,Night,75,67.4755,2.10512,49.6008,19.0307,97.4539,3.19412
No,User_48,Hyundai Kona,Morning,62,30.7109,1.63367,6.35266,18.1318,18.9345,27.8952
No,User_49,Nissan Leaf,Night,85,42.6429,1.74344,14.1497,13.1129,212.94,-4.44667
No,User_50,BMW i3,Afternoon,100,8.71319,2.20954,49.2753,9.6441,170.475,5.37808
No,User_51,BMW i3,Morning,85,9.06588,0.512378,40.178,24.5019,226.219,30.692
No,User_52,BMW i3,Morning,50,58.734,1.88926,13.1757,28.1023,57.3807,1.94111
No,User_53,BMW i3,Morning,50,65.9862,3.3138,46.2784,18.8496,234.997,-7.71943
No,User_54,Hyundai Kona,Night,62,74.9997,1.9113,35.9251,34.0866,51.8284,17.8054
No,User_55,Chevy Bolt,Evening,100,17.7694,3.31408,34.4582,9.7985,166.311,19.7034
No,User_56,Tesla Model 3,Evening,76.8761,50.2689,1.67836,36.3034,38.9419,133.992,3.04283
No,User_57,BMW i3,Evening,69.8841,76.4505,3.87345,11.3391,30.1922,191.938,10.4246
No,User_58,Nissan Leaf,Afternoon,62,77.8637,0.917902,47.154,28.3032,129.389,38.4668
No,User_59,BMW i3,Morning,100,21.893,1.28528,25.374,8.63782,148.416,5.07317
No,User_60,Nissan Leaf,Evening,100,71.28,2.41375,40.6164,6.74473,140.465,33.0577
No,User_61,Nissan Leaf,Evening,62,21.8277,2.0821,26.5071,36.068,48.0444,38.6564
No,User_62,BMW i3,Morning,75,62.7232,2.11789,30.997,30.0444,282.942,32.8527
No,User_63,Hyundai Kona,Afternoon,124.316,46.1951,0.650508,47.8775,30.8642,25.0273,6.17126
No,User_64,Nissan Leaf,Night,100,29.3457,2.48209,6.87118,24.6498,127.022,34.0619
No,User_65,Nissan Leaf,Night,50,76.9334,2.12342,34.1769,34.2283,295.894,7.94169
No,User_66,BMW i3,Night,62,59.2546,1.27962,25.963,12.2204,167.298,35.2715
No,User_67,Nissan Leaf,Morning,100,37.0629,1.6091,15.2301,37.8753,98.146,16.4837
No,User_68,Nissan Leaf,Afternoon,85,67.6952,0.857582,32.9751,13.7756,81.2845,-7.33265
No,User_69,BMW i3,Morning,75,16.414,1.70297,25.963,21.6678,188.471,18.5387
No,User_70,BMW i3,Night,50,67.0057,3.60803,4.09236,14.424,276.368,-2.7249
No,User_71,Tesla Model 3,Evening,75,70.6173,3.28014,26.0704,15.4708,23.004,34.8479
No,User_72,Hyundai Kona,Evening,75,61.1305,0.947277,23.2818,37.149,58.8553,7.66265
No,User_73,Hyundai Kona,Evening,85,22.882,1.56947,29.9892,10.7096,98.474,19.2132
No,User_74,Nissan Leaf,Night,59.8327,12.8949,0.581505,40.8841,15.1973,183.171,28.6376
No,User_75,Hyundai Kona,Afternoon,85,69.1692,2.28524,5.55736,20.7665,276.575,20.0143
No,User_76,Nissan Leaf,Night,50,42.6429,3.52069,9.56925,24.7907,171.896,-5.27573
No,User_77,Tesla Model 3,Morning,100,49.2788,3.86514,49.4115,39.9317,246.344,30.0821
No,User_78,BMW i3,Afternoon,75,31.2189,3.341,30.0259,17.6049,242.486,39.8314
No,User_79,BMW i3,Evening,100,30.6517,1.02882,28.5224,39.3221,12.1495,-4.93274
No,User_80,BMW i3,Afternoon,75,59.9865,3.72937,23.4179,15.683,281.764,15.0606
No,User_81,Hyundai Kona,Afternoon,48.0507,51.6737,0.691755,46.5957,18.0118,222.275,2.55424
No,User_82,Tesla Model 3,Night,50,35.9072,2.72556,25.6016,19.2835,93.8579,33.0768
No,User_83,Hyundai Kona,Afternoon,85,41.6078,0.807069,25.963,29.5329,94.6453,17.7374
No,User_84,Hyundai Kona,Night,62,32.833,3.40864,44.4924,39.6748,279.898,5.80339
No,User_85,Tesla Model 3,Morning,50,57.9245,1.26112,12.5382,19.8173,64.1355,1.82545
No,User_86,Tesla Model 3,Afternoon,100,21.6562,1.89443,32.9545,18.0255,170.558,10.4015
No,User_87,Tesla Model 3,Afternoon,62,41.0106,3.36696,45.3201,18.0665,103.788,-4.57225
No,User_88,Tesla Model 3,Afternoon,62,79.8187,2.60648,13.0097,35.9713,274.021,10.6922
No,User_89,BMW i3,Evening,85,33.0729,1.46966,30.3447,15.5508,164.683,-6.51443
No,User_90,Chevy Bolt,Night,75,27.8432,2.54314,17.0046,12.2783,79.355,7.51686
No,User_91,Chevy Bolt,Night,50,28.4408,1.07966,42.4251,13.7798,398.365,27.8131
No,User_92,Tesla Model 3,Evening,62,68.573,2.93039,5.45469,15.8894,191.456,37.8998
No,User_93,Chevy Bolt,Night,85,65.431,0.929487,20.2727,10.3957,71.436,30.1997
No,User_94,Chevy Bolt,Morning,75,71.6157,3.51501,31.2718,21.2636,16.6814,-1.71985
No,User_95,Tesla Model 3,Evening,85,7.9309,2.3424,44.1221,33.8184,55.6775,16.8084
No,User_96,Chevy Bolt,Night,24.5999,42.6429,1.3825,32.4365,38.058,153.597,23.3985
No,User_97,Hyundai Kona,Morning,75,55.7292,3.82901,21.7231,38.0937,74.0522,34.6635
No,User_98,Nissan Leaf,Night,85,31.0466,0.690282,28.0049,6.25455,153.597,15.6274
No,User_99,Nissan Leaf,Evening,62,15.9176,3.34839,17.5516,9.53121,117.792,15.4358
No,User_100,Tesla Model 3,Night,100,50.9035,3.62132,25.963,28.3389,10.4419,30.0449
No,User_101,BMW i3,Morning,77.2989,71.4776,0.652582,25.963,11.3638,197.646,28.9768
No,User_102,Tesla Model 3,Morning,100,74.1537,4.12306,31.2774,26.0002,91.3848,35.7932
No,User_103,BMW i3,Morning,75,46.7755,3.11851,32.0801,18.5884,246.223,27.2669
No,User_104,Nissan Leaf,Night,95.1537,8.46964,1.95618,16.0193,31.2384,297.552,22.1718
No,User_105,Tesla Model 3,Evening,85,61.6974,2.52551,30.784,22.4871,208.648,28.3122
No,User_106,Hyundai Kona,Night,62,41.2642,3.60445,29.0817,29.0163,268.515,19.6365
No,User_107,Chevy Bolt,Afternoon,85,6.50395,1.4878,35.9348,35.2419,204.768,35.9597
No,User_108,BMW i3,Evening,147.395,65.8932,3.14625,24.8321,11.0377,74.9233,13.4196
No,User_109,Chevy Bolt,Afternoon,50,13.2629,3.06902,47.6705,32.9093,220.674,31.8733
No,User_110,Chevy Bolt,Night,85,42.6429,3.29258,49.8787,13.284,137.137,0.0341271
No,User_111,Tesla Model 3,Evening,62,27.426,0.911152,32.165,19.7814,216.07,-4.1532
No,User_112,Chevy Bolt,Afternoon,100,7.35845,2.43079,11.4805,13.7868,166.674,-7.81135
No,User_113,Hyundai Kona,Night,100,36.1373,2.44935,36.3771,7.87092,48.117,32.3073
No,User_114,Chevy Bolt,Evening,85,29.1695,1.8374,28.5046,9.16415,241.998,42.7397
No,User_115,Tesla Model 3,Morning,85,43.4454,1.40589,25.963,34.6751,38.199,19.8695
No,User_116,Hyundai Kona,Morning,100,26.8691,2.46368,12.0518,17.5416,289.568,7.79138
No,User_117,Nissan Leaf,Morning,85,17.9335,2.78221,25.5842,25.4974,104.398,38.3636
No,User_118,Chevy Bolt,Afternoon,50,60.4716,3.18826,25.963,15.8857,84.3756,32.8362
No,User_119,Tesla Model 3,Afternoon,50,17.7047,3.46257,19.7137,19.9151,258.646,-9.34538
No,User_120,Nissan Leaf,Night,63.0963,47.7141,1.17684,25.963,15.3525,214.467,34.2781
No,User_121,Nissan Leaf,Morning,85,71.1853,1.42565,10.2998,5.13866,276.222,-4.80892
No,User_122,BMW i3,Afternoon,75,39.6444,1.92574,13.7983,6.96527,153.597,22.572
No,User_123,Hyundai Kona,Morning,62,24.8487,3.31837,32.2357,19.913,260.707,11.2035
No,User_124,Chevy Bolt,Night,50,7.51594,3.41687,10.6214,34.7608,126.592,9.79124
No,User_125,Tesla Model 3,Evening,75,64.419,3.19001,24.6217,28.9987,230.494,25.3205
No,User_126,BMW i3,Afternoon,85,6.18902,1.29185,19.7154,20.8631,275.742,5.72736
No,User_127,Hyundai Kona,Afternoon,100,37.7879,3.6239,35.9959,29.1176,66.0021,-0.325339
No,User_128,BMW i3,Evening,85,9.15123,2.57873,34.046,27.6661,223.097,-1.09233
No,User_129,Hyundai Kona,Afternoon,93.2738,15.6606,3.14065,7.70219,32.1367,202.142,29.5391
No,User_130,Hyundai Kona,Night,50,35.5537,3.53675,45.8557,23.3679,275.574,26.1334
No,User_131,Chevy Bolt,Afternoon,100,47.5275,3.8049,14.3282,31.0986,139.384,18.9798
No,User_132,Hyundai Kona,Afternoon,100,36.6166,3.35801,27.3211,11.5849,69.2339,24.523
No,User_133,BMW i3,Evening,50,65.4872,2.06628,37.5773,31.145,102.239,17.5227
No,User_134,Hyundai Kona,Night,85,33.8872,3.6256,18.6043,24.4683,267.844,-4.16075
No,User_135,Chevy Bolt,Morning,48.4696,47.29,3.29473,15.409,46.2703,277.493,7.12285
No,User_136,Chevy Bolt,Morning,100,48.4876,0.563938,16.7598,7.60045,103.912,0.534112
No,User_137,BMW i3,Evening,75,15.0102,0.648676,13.7626,13.7261,220.201,19.9856
No,User_138,Nissan Leaf,Night,85,30.0651,1.26743,35.8711,35.0386,122.765,33.0182
No,User_139,Nissan Leaf,Evening,85,74.1065,2.96542,32.2909,25.6632,179.589,14.1232
No,User_140,Hyundai Kona,Evening,62,66.1516,3.06234,50.1706,36.2987,46.8129,32.2927
No,User_141,Tesla Model 3,Morning,100,47.3774,1.29953,48.1603,28.1149,153.597,8.51163
No,User_142,Hyundai Kona,Night,62,45.993,2.84571,30.6035,23.6133,108.661,3.84991
No,User_143,BMW i3,Night,75,48.2879,2.07355,34.388,30.2368,208.755,-8.03631
No,User_144,BMW i3,Evening,50,78.6934,2.85606,36.5626,7.6396,17.2416,12.7379
No,User_145,BMW i3,Morning,93.0949,68.03,1.51697,16.3955,18.9699,148.086,34.7928
No,User_146,BMW i3,Night,85,40.2484,3.63549,33.7323,17.2431,28.4547,38.9681
No,User_147,BMW i3,Evening,100,74.2807,1.06134,41.3418,12.8865,35.4799,4.76186
No,User_148,Chevy Bolt,Afternoon,85,42.6429,3.88433,38.8701,20.262,246.41,7.46495
No,User_149,Nissan Leaf,Morning,50,74.9481,2.01923,43.6202,31.5844,127.911,12.2647
No,User_150,BMW i3,Night,100,52.8841,1.27698,35.526,7.95349,186.814,19.1893
No,User_151,Tesla Model 3,Night,50,34.9699,2.4966,19.6515,16.528,249.06,9.59849
No,User_152,Tesla Model 3,Night,85,55.9176,2.55322,6.63881,25.5719,179.094,15.1693
No,User_153,Tesla Model 3,Morning,62,76.598,3.32084,31.5972,19.3411,290.988,31.2489
No,User_154,Tesla Model 3,Evening,100,20.256,1.3517,3.02349,31.8861,32.008,36.5451
No,User_155,Chevy Bolt,Afternoon,50,56.0688,3.25436,28.1685,7.9643,219.432,7.10944
No,User_156,Tesla Model 3,Night,62,65.0498,3.43682,22.5595,20.7977,188.078,25.3443
No,User_157,BMW i3,Morning,85,42.6429,2.71911,9.95234,11.7545,81.3871,37.8425
No,User_158,Hyundai Kona,Night,50.8706,23.5713,0.841961,49.7837,21.9964,267.347,-3.08962
No,User_159,Tesla Model 3,Evening,62,42.6429,1.99254,21.7402,8.61034,56.9042,38.5866
No,User_160,Chevy Bolt,Afternoon,100,41.0891,5.22036,7.85418,37.3706,35.439,-2.5608
No,User_161,Chevy Bolt,Night,58.0121,48.9985,3.73648,2.56094,15.9295,85.0973,15.5637
No,User_162,Tesla Model 3,Morning,85,10.2776,2.36162,45.6867,7.05368,39.2759,35.0941
No,User_163,Hyundai Kona,Evening,85,45.574,3.26586,11.0898,34.0292,217.59,-9.09047
No,User_164,Tesla Model 3,Afternoon,62,69.1055,3.27519,22.9862,9.35744,101.375,1.49667
No,User_165,Chevy Bolt,Morning,102.949,37.7645,3.39777,32.7332,26.2204,156.417,2.22439
No,User_166,Nissan Leaf,Night,85,14.4957,2.54613,21.2449,30.8745,119.357,-5.5988
No,User_167,BMW i3,Morning,75,54.6409,3.24966,19.7095,18.8439,130.552,12.6295
No,User_168,Chevy Bolt,Afternoon,75,67.8912,3.00729,9.68469,11.3303,32.8927,16.3177
No,User_169,Tesla Model 3,Evening,100,22.7426,1.03056,29.636,8.22905,280.978,-2.91045
No,User_170,BMW i3,Evening,85,56.0178,1.04097,37.8531,14.5771,14.7236,11.4928
No,User_171,Tesla Model 3,Night,85,127.757,0.984549,9.2865,20.3424,103.958,18.4053
No,User_172,Tesla Model 3,Night,100,13.8772,0.521292,9.91342,26.9138,136.279,24.7596
No,User_173,Nissan Leaf,Night,75,42.6429,3.47382,32.5996,37.2067,62.4129,27.9014
No,User_174,BMW i3,Night,100,47.8244,2.04687,6.08278,35.9894,90.1143,7.16687
No,User_175,BMW i3,Afternoon,50,71.1427,1.72514,14.8299,37.0163,150.27,17.4249
No,User_176,Nissan Leaf,Night,85,6.08863,3.28495,4.86831,9.19414,54.816,6.17056
No,User_177,Chevy Bolt,Morning,50,33.0987,2.18217,16.6869,36.524,174.43,-7.86891
No,User_178,Tesla Model 3,Afternoon,95.6978,78.8331,2.92158,8.42464,23.3047,118.695,4.76081
No,User_179,Hyundai Kona,Afternoon,100,63.2365,0.835845,5.2558,39.6954,132.96,30.7908
No,User_180,Tesla Model 3,Night,50,50.1614,3.98442,29.0873,8.85476,42.3761,18.46
No,User_181,Tesla Model 3,Afternoon,50,21.8205,0.856617,97.3423,13.0996,240.795,10.336
No,User_182,Chevy Bolt,Morning,50,61.0003,3.02652,5.72047,20.4164,232.321,27.5448
No,User_183,Tesla Model 3,Afternoon,62,47.3146,0.968977,10.1634,25.9245,260.661,23.728
No,User_184,Nissan Leaf,Afternoon,62,33.7843,1.3501,48.7681,22.9012,59.0916,58.1052
No,User_185,Nissan Leaf,Morning,62,47.841,1.61339,36.2496,11.346,258.703,31.4229
No,User_186,BMW i3,Morning,50,10.6402,3.0806,19.1672,6.49944,81.3073,20.6235
No,User_187,Hyundai Kona,Afternoon,102.839,72.2378,3.49829,14.4359,24.3268,131.286,3.86021
No,User_188,Tesla Model 3,Evening,85,36.1579,3.10183,46.3281,37.2064,87.1243,28.73
No,User_189,Tesla Model 3,Afternoon,50,63.6265,2.04002,9.98677,35.0287,153.597,5.09861
No,User_190,Chevy Bolt,Morning,50,8.34959,2.31268,47.4822,19.7529,311.63,3.04969
No,User_191,Nissan Leaf,Morning,100,65.8315,3.70562,7.25363,7.45384,65.2864,-7.43002
No,User_192,Hyundai Kona,Morning,100,55.1888,1.41451,25.963,23.6834,249.049,30.6993
No,User_193,BMW i3,Evening,85,55.9794,1.10686,13.7993,31.5299,67.8747,11.4426
No,User_194,Nissan Leaf,Morning,62,38.5077,0.976478,15.8099,38.1885,252.973,21.3843
No,User_195,BMW i3,Night,85,13.1058,0.569062,14.5544,28.9347,201.563,1.85666
No,User_196,Chevy Bolt,Night,75,7.81642,3.4572,5.09812,32.2717,50.3088,29.8826
No,User_197,Chevy Bolt,Evening,50,52.5098,2.76432,17.1297,43.1565,152.258,-7.43225
No,User_198,Tesla Model 3,Morning,85,12.128,0.980252,32.0997,31.0719,212.552,-1.20617
No,User_199,Hyundai Kona,Morning,75,28.9884,3.27575,25.963,8.69073,195.956,7.18657
No,User_200,BMW i3,Night,62,13.4852,2.66537,29.8731,27.3223,153.597,-5.68066
No,User_201,Nissan Leaf,Night,62,80.7294,2.87719,36.7821,12.9457,211.634,4.74118
No,User_202,Chevy Bolt,Afternoon,85,53.5867,3.44538,6.92751,7.44137,101.95,7.37765
No,User_203,Tesla Model 3,Evening,62,72.8286,0.599135,47.5262,36.3576,186.724,-8.81766
No,User_204,Tesla Model 3,Afternoon,85,64.2321,2.82245,29.9281,5.93536,268.933,3.9451
No,User_205,BMW i3,Evening,100,17.8549,2.50501,48.3847,38.4961,268.972,19.2649
No,User_206,Chevy Bolt,Morning,62,63.8543,3.8873,37.2288,8.31768,128.352,28.1668
No,User_207,Hyundai Kona,Morning,85,70.9947,0.776358,12.5614,13.1701,189.379,4.75652
No,User_208,Chevy Bolt,Evening,85,62.2481,3.43209,18.5895,15.5847,102.924,20.8087
No,User_209,BMW i3,Afternoon,89.0321,78.6429,0.608975,34.824,31.4498,153.597,21.9585
No,User_210,BMW i3,Night,85,6.96188,2.42278,22.6728,26.2237,86.5648,29.5615
No,User_211,Chevy Bolt,Evening,85,75.1862,3.62318,53.1748,14.7354,150.047,24.9234
No,User_212,BMW i3,Evening,50,1.75452,0.797394,8.43076,22.7244,65.8894,25.9361
No,User_213,Chevy Bolt,Evening,81.6532,73.6143,3.66532,3.85578,14.1248,162.063,33.8608
No,User_214,Nissan Leaf,Morning,62,6.37787,0.903519,33.8425,27.8023,169.112,-2.96053
No,User_215,Chevy Bolt,Evening,62,51.1618,1.28667,15.003,39.8166,35.4563,31.9176
No,User_216,Chevy Bolt,Morning,75,28.2297,1.21869,23.4374,36.3412,91.1206,24.3215
No,User_217,BMW i3,Night,62,67.9228,3.70457,41.7436,32.1763,157.025,14.3335
No,User_218,BMW i3,Night,75,15.2737,2.86511,5.37038,7.6295,113.669,6.86416
No,User_219,Tesla Model 3,Afternoon,85,50.6437,2.22914,29.6337,38.248,195.001,6.43436
No,User_220,Tesla Model 3,Morning,50,52.0547,2.93561,5.23132,24.9961,153.974,4.82014
No,User_221,Nissan Leaf,Night,75,57.898,0.605565,15.3809,28.1358,266.688,15.7252
No,User_222,Tesla Model 3,Night,75,30.9008,0.670877,40.5644,14.4373,13.0139,33.5059
No,User_223,Chevy Bolt,Afternoon,46.5379,35.3484,3.13355,5.49714,12.6535,219.153,-8.72042
No,User_224,BMW i3,Afternoon,75,11.9259,2.74903,49.4227,25.9858,192.175,-3.35737
No,User_225,Tesla Model 3,Afternoon,62,55.4641,0.584465,20.988,16.6516,90.3968,15.9227
No,User_226,Tesla Model 3,Morning,50,44.1595,3.97685,23.7524,5.5502,33.5649,-5.33277
No,User_227,Nissan Leaf,Evening,100,65.2448,0.878652,46.9698,24.7529,95.6566,20.4271
No,User_228,Nissan Leaf,Morning,50,20.4648,3.64701,18.5995,7.67418,62.93,25.4281
No,User_229,Chevy Bolt,Afternoon,27.0333,49.1867,1.91256,32.3631,9.11961,120.402,2.80394
No,User_230,BMW i3,Evening,85,32.6427,0.560641,29.1991,5.78151,183.594,29.9393
No,User_231,Nissan Leaf,Night,85,66.6237,1.22914,45.5057,22.3379,286.072,-0.976247
No,User_232,Tesla Model 3,Morning,62,33.3655,0.611262,10.1969,35.956,244.053,26.8739
No,User_233,BMW i3,Afternoon,120.511,68.8253,2.46534,16.9356,33.8615,139.035,-1.96612
No,User_234,BMW i3,Afternoon,75,65.8917,0.738931,36.4931,9.14472,77.2693,11.7292
No,User_235,Tesla Model 3,Evening,62,42.6429,2.16849,41.5267,9.08471,139.222,1.565
No,User_236,Nissan Leaf,Morning,75,12.6698,2.81682,18.7183,32.1786,296.132,29.403
No,User_237,Tesla Model 3,Night,50,25.3541,0.613314,16.8806,19.3332,73.3822,2.97617
No,User_238,BMW i3,Night,100,37.9281,1.71324,25.963,36.2055,69.6411,-1.32688
No,User_239,Hyundai Kona,Evening,75,42.6429,0.688517,30.0044,23.4902,111.19,-8.6092
No,User_240,Hyundai Kona,Evening,50,31.8772,1.38394,23.4664,38.2894,249.764,38.1887
No,User_241,Chevy Bolt,Night,50,29.5828,3.20387,37.1838,16.6731,248.924,5.79857
No,User_242,Tesla Model 3,Evening,100,37.5098,3.51806,6.34178,23.2303,203.729,30.1288
No,User_243,Tesla Model 3,Evening,62,7.84972,2.55626,25.963,25.9504,26.3628,39.5691
No,User_244,Chevy Bolt,Morning,100,66.5208,0.206631,15.0995,34.7401,123.57,-6.75669
No,User_245,Chevy Bolt,Evening,100,42.6429,2.00936,74.6128,7.89293,206.715,27.4087
No,User_246,Chevy Bolt,Afternoon,62,29.8406,3.47386,14.0391,9.06223,195.474,19.1767
No,User_247,BMW i3,Afternoon,100,59.7812,3.83954,28.4618,13.5241,134.385,18.1296
No,User_248,Tesla Model 3,Afternoon,94.824,76.3582,2.97484,10.8947,68.9317,213.491,36.4675
No,User_249,BMW i3,Evening,100,60.4101,1.70897,48.7887,17.8985,99.5426,12.8705
No,User_250,Chevy Bolt,Night,85,44.7855,3.43065,35.3904,36.909,283.903,10.649
No,User_251,Tesla Model 3,Afternoon,75,22.2277,3.38208,25.963,27.5237,227.542,0.51052
No,User_252,BMW i3,Morning,100,22.2757,2.31288,18.209,24.4137,114.541,21.7499
No,User_253,BMW i3,Evening,85,29.014,2.52543,43.0099,12.292,199.638,1.08118
No,User_254,Chevy Bolt,Night,75,61.1175,2.71076,28.4016,20.0409,172.667,-3.13351
No,User_255,Tesla Model 3,Night,62,65.5509,3.57563,12.1634,24.2093,153.221,28.6947
No,User_256,Chevy Bolt,Evening,50,76.5798,0.624618,10.5665,36.694,33.6275,16.4676
No,User_257,Tesla Model 3,Evening,50,37.0936,0.853087,23.6192,19.5424,180.148,14.727
No,User_258,Hyundai Kona,Morning,100,56.358,3.21093,25.963,35.0708,233.914,5.85553
No,User_259,Nissan Leaf,Evening,85,6.35452,1.04685,4.10993,10.0337,40.6632,-0.230727
No,User_260,Nissan Leaf,Evening,62,60.5227,3.07853,14.1634,22.6704,219.115,-8.82331
No,User_261,Nissan Leaf,Night,50,49.6215,3.73149,28.5496,12.8819,260.685,11.2575
No,User_262,Chevy Bolt,Afternoon,100,54.1261,1.25331,13.6191,31.9361,175.206,-9.82464
No,User_263,Hyundai Kona,Afternoon,45.3802,13.089,3.23929,36.4758,36.6124,233.572,-1.3964
No,User_264,Tesla Model 3,Night,75,7.42424,1.91062,15.101,36.5443,153.597,22.1849
No,User_265,BMW i3,Evening,143.475,47.0863,3.31083,5.13081,31.2202,35.0836,13.4102
No,User_266,Tesla Model 3,Morning,100,42.6429,0.504788,25.963,23.5995,269.497,-5.88792
No,User_267,BMW i3,Afternoon,85,56.8214,0.865213,21.2697,15.8328,263.745,39.8024
No,User_268,Tesla Model 3,Evening,75,36.5319,2.65165,5.09284,32.24,97.7258,11.3016
No,User_269,Hyundai Kona,Afternoon,100,58.1511,1.98625,34.9651,25.3916,236.833,35.5893
No,User_270,BMW i3,Night,10.1893,63.5943,3.33356,28.5963,5.0864,149.957,2.79084
No,User_271,Chevy Bolt,Afternoon,85,55.415,2.31493,30.6439,36.4253,176.933,-8.42803
No,User_272,Tesla Model 3,Night,50,12.9199,3.38083,9.13705,11.4965,188.602,-2.41192
No,User_273,Tesla Model 3,Night,75,70.2447,3.37274,31.8818,18.5278,34.5224,7.13649
No,User_274,BMW i3,Night,50,47.9041,1.16124,22.0619,35.0418,32.2376,-2.9962
No,User_275,Chevy Bolt,Morning,62,59.1483,3.8789,14.8802,32.0748,153.597,-1.86407
No,User_276,Chevy Bolt,Evening,75,6.4627,3.46526,5.33524,37.4591,153.597,38.4118
No,User_277,Hyundai Kona,Night,100,79.0023,3.89315,26.9774,11.2875,39.746,7.68436
No,User_278,Chevy Bolt,Night,78.3837,19.9169,2.80518,32.2117,10.471,205.644,10.3848
No,User_279,Chevy Bolt,Afternoon,62,73.2295,3.51635,23.6181,16.9711,153.597,35.8336
No,User_280,Chevy Bolt,Evening,75,15.059,3.21699,14.7679,15.6701,68.5232,28.0566
No,User_281,Nissan Leaf,Morning,62,12.1326,2.67469,40.1969,34.8691,92.1159,25.2035
No,User_282,Hyundai Kona,Morning,100,30.5331,2.30001,19.0211,35.1573,132.605,2.33112
No,User_283,Tesla Model 3,Afternoon,50,20.3535,2.42468,11.1619,26.1654,116.184,2.77032
No,User_284,BMW i3,Morning,50,6.47943,2.1335,25.963,37.2086,77.798,26.617
No,User_285,Tesla Model 3,Afternoon,100,14.0188,1.82724,6.29101,25.5435,22.5405,33.282
No,User_286,Hyundai Kona,Evening,85,61.8301,1.39952,49.1597,8.02178,80.9973,-2.34155
No,User_287,BMW i3,Afternoon,75,51.6217,1.30356,43.1614,28.1516,185.952,7.93696
No,User_288,Hyundai Kona,Afternoon,100,13.319,0.891296,21.6301,9.96973,87.3042,38.7714
No,User_289,Chevy Bolt,Night,85,37.6423,2.66701,19.5964,27.8982,153.597,-9.67993
No,User_290,BMW i3,Morning,75,70.6205,0.637027,18.3355,14.7382,188.464,-4.843
No,User_291,Chevy Bolt,Evening,75,74.4911,2.85908,32.9497,31.6543,160.679,26.3075
No,User_292,Tesla Model 3,Evening,75,32.5249,2.2875,31.5532,10.036,294.058,25.9267
No,User_293,Tesla Model 3,Night,100,78.3991,0.531885,29.7532,34.3011,119.789,-9.29605
No,User_294,BMW i3,Afternoon,50,65.3229,1.29238,41.8772,17.8405,32.146,-9.39537
No,User_295,BMW i3,Evening,62,30.6399,1.62934,46.8486,36.9562,151.511,21.0803
No,User_296,Hyundai Kona,Evening,85,78.1588,1.54813,7.34703,15.0642,114.766,20.831
No,User_297,Hyundai Kona,Afternoon,75,5.33784,1.34731,29.1545,39.5883,67.7173,29.2491
No,User_298,Chevy Bolt,Afternoon,75,29.3188,2.06267,36.7643,26.7407,200.525,6.32556
No,User_299,BMW i3,Evening,75,23.994,3.26954,32.934,20.6507,205.17,5.91802
No,User_300,Tesla Model 3,Afternoon,100,5.69952,1.08668,40.4826,16.5842,221.584,32.6345
No,User_301,Hyundai Kona,Morning,65.0471,54.529,0.643105,41.4942,9.76781,250.37,31.2473
No,User_302,Hyundai Kona,Evening,50,56.3246,3.35443,14.246,31.3422,174.139,-6.2565
No,User_303,Tesla Model 3,Afternoon,75,42.6429,2.76251,15.293,26.5752,197.668,21.1395
No,User_304,Hyundai Kona,Evening,75,65.2255,2.75999,18.0696,29.4359,206.988,4.06885
No,User_305,Chevy Bolt,Evening,100,23.5404,2.5926,3.50816,23.2201,192.857,14.5386
No,User_306,BMW i3,Night,75,18.5497,1.82888,13.8553,16.4838,46.2237,26.6949
No,User_307,Tesla Model 3,Morning,33.377,20.7632,2.68656,23.9928,30.692,155.217,8.31682
No,User_308,BMW i3,Morning,85,46.4548,3.93657,42.8385,5.06405,3.82453,26.5118
No,User_309,Hyundai Kona,Night,85,49.7493,2.00822,33.7023,18.586,177.27,31.4642
No,User_310,Hyundai Kona,Night,100,66.1749,1.59089,4.09605,37.055,19.8426,12.629
No,User_311,Tesla Model 3,Evening,85,42.6429,2.13988,12.4285,30.3456,50.0701,22.7722
No,User_312,Chevy Bolt,Morning,59.7941,49.8382,1.64782,20.87,12.2451,40.8437,-4.8438
No,User_313,Nissan Leaf,Night,75,50.6598,0.560031,41.8842,34.0238,206.668,14.0601
No,User_314,Tesla Model 3,Afternoon,62,6.88548,3.5002,29.4466,13.1514,270.382,4.05799
No,User_315,Nissan Leaf,Evening,75,64.7636,0.543359,31.4541,9.0014,213.731,-5.43197
No,User_316,Nissan Leaf,Morning,50,55.4209,3.67441,39.0804,11.678,204.671,-9.36618
No,User_317,Chevy Bolt,Evening,85,37.7716,4.61578,4.03466,32.3564,96.842,1.73086
No,User_318,Nissan Leaf,Evening,75,44.0656,0.738832,18.1362,37.8104,261.506,21.1235
No,User_319,Nissan Leaf,Afternoon,50,76.71,2.7181,37.7349,9.42085,189.898,20.6061
No,User_320,Chevy Bolt,Afternoon,75,6.52102,0.950054,34.4534,9.83501,86.1229,1.21577
No,User_321,Nissan Leaf,Night,85,23.0197,2.90971,23.68,20.8611,89.4205,12.0163
No,User_322,Nissan Leaf,Afternoon,100,62.3192,2.92474,22.4163,7.16245,22.6195,11.1265
No,User_323,Nissan Leaf,Morning,62,64.5224,1.72499,39.2471,38.1789,75.8317,0.39726
No,User_324,Tesla Model 3,Night,100,52.9967,3.5265,38.3693,6.4522,27.9309,14.1778
No,User_325,Tesla Model 3,Morning,75,74.7394,0.0953144,44.0505,27.743,56.3252,9.9902
No,User_326,Tesla Model 3,Morning,62,17.8905,3.70652,3.66025,25.2227,153.597,-4.30619
No,User_327,Chevy Bolt,Night,100,18.8488,2.41471,47.448,7.3214,237.051,-2.87696
No,User_328,Hyundai Kona,Afternoon,100,58.3762,1.87752,4.66967,33.8568,96.863,16.972
No,User_329,Nissan Leaf,Evening,62,57.8194,2.17047,25.963,31.9208,222.669,34.0448
No,User_330,Nissan Leaf,Afternoon,85,13.3246,1.38202,24.7428,12.3882,283.99,35.7049
No,User_331,Chevy Bolt,Morning,85,14.5035,2.24083,37.6599,11.9108,168.045,12.2474
No,User_332,Nissan Leaf,Morning,85,26.3447,1.97207,19.9515,17.6502,216.472,-2.05878
No,User_333,Tesla Model 3,Night,6.1689,50.597,3.47317,9.86003,27.9865,211.635,33.2343
No,User_334,Hyundai Kona,Morning,75,42.6429,1.07864,11.0502,17.5856,56.5447,19.3743
No,User_335,BMW i3,Night,62,103.813,3.52545,16.5914,17.6692,99.941,8.33016
No,User_336,Nissan Leaf,Night,62,70.3989,0.551534,20.7509,20.1583,240.335,-7.88088
No,User_337,Tesla Model 3,Afternoon,45.6265,77.1727,1.40913,17.573,11.7605,153.597,3.49838
No,User_338,BMW i3,Morning,62,62.1928,0.55521,20.4525,19.477,277.723,14.2763
No,User_339,Hyundai Kona,Afternoon,62,71.9115,2.88656,10.5528,21.3323,140.098,-4.76449
No,User_340,BMW i3,Evening,62,79.9781,0.919847,25.963,27.8579,295.824,6.24784
No,User_341,Tesla Model 3,Afternoon,100,5.77592,1.83646,33.7454,24.9857,96.3322,37.1012
No,User_342,BMW i3,Morning,50,53.8102,0.513006,22.3444,15.7913,116.731,-0.0328725
No,User_343,Chevy Bolt,Evening,100,38.6624,2.36506,26.7212,16.3158,257.883,29.1805
No,User_344,BMW i3,Morning,50,56.6933,2.39185,44.9952,32.99,140.311,25.1273
No,User_345,Nissan Leaf,Evening,85,40.1614,2.51797,28.48,13.37,93.9952,13.3544
No,User_346,Nissan Leaf,Morning,62,42.5174,0.929765,39.9126,7.23444,191.078,10.3332
No,User_347,Chevy Bolt,Afternoon,50,29.2984,1.8734,30.9794,37.1647,296.224,7.64081
No,User_348,Tesla Model 3,Morning,50,67.2252,0.504601,37.236,21.0142,57.5919,12.2652
No,User_349,Nissan Leaf,Night,85,42.6429,2.91688,17.926,27.9976,73.0474,-4.12763
No,User_350,Hyundai Kona,Night,50,76.7184,3.77491,44.1375,35.8525,247.408,27.9554
No,User_351,Nissan Leaf,Afternoon,62,60.9691,2.49696,6.68275,37.0493,266.821,20.4656
No,User_352,Nissan Leaf,Afternoon,62,48.3246,2.31164,19.5938,49.1375,161.403,3.49934
No,User_353,Tesla Model 3,Evening,62,65.5408,1.16065,31.859,37.49,78.6144,0.947645
No,User_354,BMW i3,Afternoon,100,68.7491,0.554637,10.7617,28.2929,284.846,13.7897
No,User_355,Nissan Leaf,Night,85,67.4374,1.81456,16.0993,14.9964,36.0602,34.0822
No,User_356,Chevy Bolt,Afternoon,75,10.4507,1.4283,39.8938,32.561,85.921,20.6349
No,User_357,BMW i3,Night,100,30.8057,1.03786,18.9799,18.3532,155.714,29.1144
No,User_358,Hyundai Kona,Afternoon,85,62.0957,2.47794,30.5287,8.86005,285.79,-8.55908
No,User_359,Tesla Model 3,Night,100,28.8641,2.11367,38.3441,37.4495,107,13.1945
No,User_360,Hyundai Kona,Evening,75,33.3705,2.48638,41.9292,7.40925,279.519,15.4184
No,User_361,BMW i3,Morning,77.6085,73.0905,1.75405,30.3888,9.59516,227.726,2.59425
No,User_362,BMW i3,Morning,75,26.9923,3.54898,46.5814,36.5005,237.511,25.1096
No,User_363,BMW i3,Night,85,6.93819,3.29096,13.2879,16.8863,230.319,1.20198
No,User_364,Hyundai Kona,Afternoon,50,42.2902,2.01229,37.8061,7.80673,242.453,36.8266
No,User_365,BMW i3,Afternoon,100,30.0361,1.64348,13.3729,35.9544,217.916,34.9546
No,User_366,Hyundai Kona,Morning,62,10.3861,1.24256,47.7665,21.4889,188.151,16.8305
No,User_367,BMW i3,Night,50,45.7195,2.87216,47.8426,31.2263,156.877,34.2978
No,User_368,Chevy Bolt,Afternoon,50,24.5996,2.00786,11.8202,29.2344,263.833,14.2055
No,User_369,BMW i3,Morning,62,23.147,3.28409,25.3995,10.9978,61.0473,15.6051
No,User_370,Hyundai Kona,Night,85,52.7164,0.562817,6.42256,34.4021,225.304,0.166998
No,User_371,Nissan Leaf,Evening,100,42.6429,2.27374,46.489,36.9416,264.9,36.5681
No,User_372,BMW i3,Afternoon,48.6369,68.253,1.632,29.2084,9.45976,50.413,37.5288
No,User_373,Nissan Leaf,Afternoon,85,56.4202,0.828873,25.4029,29.8484,12.8075,17.5968
No,User_374,Chevy Bolt,Night,75,52.9045,1.54696,15.5721,18.5429,36.7437,32.5739
No,User_375,Tesla Model 3,Morning,50,28.1635,2.29132,23.3892,29.7636,23.4739,15.4462
No,User_376,Chevy Bolt,Night,100,1.35673,1.5712,16.2676,23.8746,153.597,-6.55032
No,User_377,BMW i3,Morning,85,8.93043,3.77953,25.963,0.234317,275.079,1.41972
No,User_378,Nissan Leaf,Night,75,55.783,1.3768,46.3333,30.4736,10.88,14.2405
No,User_379,Nissan Leaf,Evening,85,16.6736,1.80928,32.9948,28.1562,281.888,33.7293
No,User_380,Hyundai Kona,Afternoon,100,13.2807,1.76144,59.1485,13.6074,257.608,4.20609
No,User_381,Nissan Leaf,Morning,50,7.66866,0.749904,25.4571,17.3616,53.3074,27.2589
No,User_382,Hyundai Kona,Evening,75,42.6429,3.61708,23.223,17.8582,71.3202,33.109
No,User_383,Tesla Model 3,Night,62,64.9429,3.63679,49.3191,15.3216,41.7623,12.2549
No,User_384,BMW i3,Morning,100,70.0608,3.39975,42.9457,15.2427,164.029,38.8724
No,User_385,Hyundai Kona,Morning,85,42.6429,1.32514,27.8544,24.6542,284.583,22.1654
No,User_386,Tesla Model 3,Evening,100,46.5597,1.66576,35.776,23.5557,197.529,1.6535
No,User_387,Nissan Leaf,Night,50,54.884,1.88677,6.98514,6.55598,127.071,30.5939
No,User_388,Nissan Leaf,Evening,50,13.7261,6.17642,12.484,21.0924,166.722,6.78635
No,User_389,Tesla Model 3,Night,75,74.2198,2.82916,3.56665,29.165,153.597,3.2051
No,User_390,Nissan Leaf,Evening,50,20.5814,1.53694,37.0266,31.6838,205.508,6.74177
No,User_391,Tesla Model 3,Evening,75,36.0476,1.64578,49.8519,7.46158,57.6589,6.8769
No,User_392,Hyundai Kona,Evening,62,31.7358,1.96196,11.1299,11.7393,87.2741,-9.56906
No,User_393,Hyundai Kona,Evening,85,64.5382,3.971,17.5602,32.9734,258.379,12.3264
No,User_394,Tesla Model 3,Night,85,41.5686,2.53433,27.8769,37.1092,240.385,-2.13407
No,User_395,Hyundai Kona,Afternoon,75,34.3757,3.14575,3.80655,35.3507,150.835,18.0001
No,User_396,Hyundai Kona,Evening,60.7893,12.1181,2.85449,7.99704,37.3139,256.226,20.9875
No,User_397,Hyundai Kona,Night,85,48.2725,3.64958,43.1423,10.3299,153.597,33.5475
No,User_398,Chevy Bolt,Afternoon,50,26.4021,0.958022,47.7591,10.5706,247.34,22.8837
No,User_399,BMW i3,Morning,62,54.627,2.23123,27.7731,37.763,246.294,-4.37366
No,User_400,Nissan Leaf,Morning,75,69.45,1.06621,49.4167,15.3072,150.112,37.8991
No,User_401,Chevy Bolt,Evening,85,66.1891,2.50146,2.53524,13.9932,69.74,21.8532
No,User_402,Hyundai Kona,Morning,75,13.6638,0.799134,14.3305,8.27592,209.091,36.0889
No,User_403,Tesla Model 3,Evening,71.6455,31.8102,3.67414,32.8373,32.9423,188.704,14.4831
No,User_404,Hyundai Kona,Evening,62,79.4623,2.89535,25.4125,18.2725,48.2316,32.5388
No,User_405,BMW i3,Afternoon,50,26.6152,1.31792,22.744,29.9432,193.004,28.898
No,User_406,Hyundai Kona,Morning,62,42.6429,0.813978,19.9348,22.6155,284.755,28.9726
No,User_407,Tesla Model 3,Evening,100,64.4033,1.46311,35.9285,14.2466,139.549,5.96763
No,User_408,BMW i3,Morning,75,41.5867,3.3058,39.7536,35.6602,53.0878,-3.17643
No,User_409,Hyundai Kona,Afternoon,75,76.4482,2.51512,19.7661,35.7634,131.788,18.5052
No,User_410,BMW i3,Morning,100,19.8988,1.84967,33.6361,30.7083,10.0283,22.1893
No,User_411,Nissan Leaf,Afternoon,46.8768,25.1009,3.7753,24.4346,30.5474,289.542,-8.676
No,User_412,Nissan Leaf,Afternoon,50,27.0471,1.10964,4.52163,33.4576,58.726,20.5654
No,User_413,Hyundai Kona,Afternoon,50,30.1847,2.97143,40.1825,7.26089,104.536,26.1756
No,User_414,BMW i3,Evening,85,15.3421,3.39245,43.4968,30.9455,172.294,36.0352
No,User_415,Tesla Model 3,Night,62,45.344,3.02357,11.2747,11.6565,277.644,37.9723
No,User_416,Hyundai Kona,Evening,50,60.2604,3.0304,31.223,11.4676,175.974,6.87287
No,User_417,Nissan Leaf,Morning,100,5.65018,0.639951,11.6674,25.6301,83.2655,23.0594
No,User_418,Nissan Leaf,Evening,85,32.4915,0.775972,47.2578,7.58756,143.61,17.163
No,User_419,Hyundai Kona,Evening,62,61.4607,2.46978,31.6504,10.9917,57.1636,-9.46904
No,User_420,BMW i3,Night,85,41.5789,1.077,35.4181,7.26985,149.935,21.277
No,User_421,Nissan Leaf,Morning,100,41.6029,1.49512,4.90972,13.5711,32.0487,18.0994
No,User_422,BMW i3,Afternoon,85,29.6979,3.91964,32.3031,21.4801,180.453,8.19911
No,User_423,Nissan Leaf,Afternoon,69.445,72.7157,0.682132,32.2534,28.1195,151.621,4.4858
No,User_424,Nissan Leaf,Morning,85,61.9271,0.798404,25.2746,27.1226,153.597,7.6852
No,User_425,Chevy Bolt,Evening,50,12.6668,2.31736,36.1576,30.6676,199.259,25.3342
No,User_426,Nissan Leaf,Night,100,78.9551,3.79656,41.3076,26.9441,91.2599,37.2072
No,User_427,Tesla Model 3,Night,100,64.9822,3.73476,38.4992,24.8178,133.724,1.17419
No,User_428,Hyundai Kona,Morning,85,37.287,1.90472,29.1488,10.4207,46.6467,6.23331
No,User_429,Hyundai Kona,Morning,100,72.0948,2.02282,7.42417,7.96453,255.117,-3.3116
No,User_430,BMW i3,Evening,62,65.7513,0.876245,42.5141,20.2436,80.8273,18.9596
No,User_431,Nissan Leaf,Night,3.9766,42.8656,2.19351,33.8846,6.19058,65.3404,-5.56034
No,User_432,Tesla Model 3,Morning,62,33.3982,2.45501,14.4209,15.4131,23.1069,27.2833
No,User_433,BMW i3,Evening,62,46.5118,2.80935,10.4812,15.912,223.26,38.452
No,User_434,Chevy Bolt,Evening,50,74.5405,3.59108,16.9359,28.3747,31.4384,10.7468
No,User_435,BMW i3,Morning,100,53.8383,0.948193,25.606,39.9075,207.672,4.71993
No,User_436,BMW i3,Night,1.53281,42.4662,1.38357,25.963,5.16176,51.9185,32.4735
No,User_437,Nissan Leaf,Afternoon,75,42.6429,2.66235,30.7235,23.5603,249.808,39.0731
No,User_438,Chevy Bolt,Evening,100,76.4993,3.00771,37.4455,31.9489,59.5915,45.7533
No,User_439,BMW i3,Afternoon,62,5.61487,2.4596,18.5612,54.893,127.335,5.26404
No,User_440,Tesla Model 3,Evening,50,26.4682,1.3773,15.8633,18.3432,79.4308,14.939
No,User_441,Tesla Model 3,Night,50,6.87389,1.49448,42.8358,23.711,122.643,38.7057
No,User_442,Hyundai Kona,Afternoon,67.542,21.5809,1.26552,32.6319,29.8779,124.119,-5.86157
No,User_443,Chevy Bolt,Morning,75,7.56958,3.27188,40.8404,36.5444,299.564,26.7339
No,User_444,Chevy Bolt,Evening,100,49.5455,0.67494,27.0077,5.38494,60.5872,36.8108
No,User_445,Hyundai Kona,Morning,85,72.8301,1.60785,45.3792,5.7087,153.597,31.7823
No,User_446,BMW i3,Morning,100,71.1256,0.823474,14.1671,11.3486,50.6199,-1.71448
No,User_447,Chevy Bolt,Night,100,36.2444,0.697324,12.8309,9.74213,125.234,-7.50141
No,User_448,Tesla Model 3,Morning,127.28,53.3992,3.43051,49.7698,15.32,215.464,31.6193
No,User_449,Tesla Model 3,Evening,107.432,5.74644,0.58103,7.00764,20.6526,140.004,16.9762
No,User_450,Nissan Leaf,Morning,62,9.73704,3.07031,3.64528,39.6625,157.877,13.5202
No,User_451,Chevy Bolt,Morning,85,39.4622,1.64541,40.9984,21.6728,53.9357,-1.26085
No,User_452,BMW i3,Evening,85,63.8306,2.45865,38.1391,6.7599,295.987,13.9192
No,User_453,Hyundai Kona,Morning,85,72.948,3.75795,14.7901,10.5217,14.8917,34.4222
No,User_454,Hyundai Kona,Night,62,21.0978,3.46806,37.2628,25.5517,197.849,-3.52521
No,User_455,BMW i3,Evening,62,58.7914,2.47172,34.2418,19.2159,29.976,-4.11952
No,User_456,Nissan Leaf,Night,62,65.1839,2.40834,38.5777,33.1865,254.217,17.1492
No,User_457,Hyundai Kona,Morning,85,72.55,0.359917,35.1127,32.0699,44.4173,9.68797
No,User_458,Chevy Bolt,Afternoon,100,57.5569,3.3415,13.0363,14.2581,249.419,24.2484
No,User_459,Nissan Leaf,Night,52.3322,67.4143,3.04387,48.6302,11.1261,206.548,32.3557
No,User_460,Chevy Bolt,Night,75,21.0305,2.84442,8.33299,8.84846,157.676,35.8006
No,User_461,Tesla Model 3,Morning,62,16.4721,1.77172,22.1145,24.1098,141.289,39.9117
No,User_462,Nissan Leaf,Afternoon,50,78.3069,2.40016,11.811,29.7631,20.6225,4.69097
No,User_463,Hyundai Kona,Evening,85,38.5997,3.91141,31.4714,22.3099,116.303,2.03734
No,User_464,Nissan Leaf,Afternoon,85,26.5665,1.06556,43.3759,32.627,32.8407,37.6654
No,User_465,Nissan Leaf,Evening,100,23.0223,2.64564,6.99903,5.0561,230.797,4.61997
No,User_466,Nissan Leaf,Morning,85,62.0496,1.17772,31.375,35.3448,205.23,11.0342
No,User_467,Nissan Leaf,Afternoon,85,58.0911,2.6494,7.06965,30.9335,39.4042,-6.24886
No,User_468,Chevy Bolt,Morning,75,63.2972,0.833545,30.6867,5.54113,153.597,7.95766
No,User_469,Tesla Model 3,Night,39.2974,21.0022,1.86344,26.2327,33.5818,216.686,37.1996
No,User_470,BMW i3,Afternoon,62,36.3229,2.00541,19.4135,32.6202,254.269,-1.52479
No,User_471,Nissan Leaf,Evening,129.524,65.4509,3.91926,47.4435,11.0576,117.86,10.8377
No,User_472,Hyundai Kona,Night,85,46.9233,2.21934,38.702,16.961,129.325,11.7963
No,User_473,Nissan Leaf,Evening,62,45.3551,1.46428,25.963,34.7536,191.278,29.736
No,User_474,Hyundai Kona,Night,75,44.7294,1.35472,36.4736,23.6848,174.431,12.8076
No,User_475,Chevy Bolt,Evening,100,57.8597,3.10478,40.175,36.9438,129.613,-7.46239
No,User_476,Hyundai Kona,Evening,85,25.8926,2.5747,23.4353,36.6468,75.874,-6.6987
No,User_477,BMW i3,Morning,50,65.8986,2.1552,39.4594,10.0776,161.196,26.1537
No,User_478,Tesla Model 3,Night,75,34.802,0.85205,16.5967,28.328,153.597,14.2243
No,User_479,Hyundai Kona,Morning,3.83852,18.8695,3.98546,44.0108,13.0084,185.647,-9.97026
No,User_480,Hyundai Kona,Morning,78.8432,77.3467,1.81652,7.85189,37.609,153.597,-5.39018
No,User_481,Tesla Model 3,Morning,100,31.7311,2.64898,68.5426,16.749,107.682,-9.30312
No,User_482,BMW i3,Morning,100,41.2707,3.49091,6.79236,27.6093,244.032,-8.03742
No,User_483,Nissan Leaf,Evening,75,41.9506,1.021,39.257,21.5977,44.2258,11.0508
No,User_484,Hyundai Kona,Morning,85,46.4121,0.851404,28.1553,32.5927,87.224,-6.86
No,User_485,Tesla Model 3,Morning,75,21.4096,2.68875,24.6257,14.8977,86.9049,29.2987
No,User_486,Chevy Bolt,Morning,100,54.996,1.24625,23.0931,36.968,11.2155,3.24425
No,User_487,Tesla Model 3,Evening,100,7.73903,2.10449,36.4538,15.4883,100.993,-9.73317
No,User_488,Chevy Bolt,Night,62,11.4834,3.62154,21.4799,13.0268,267.401,-9.30582
No,User_489,BMW i3,Evening,75,39.47,2.39971,21.7652,7.40123,73.2134,-2.09462
No,User_490,Nissan Leaf,Evening,100,27.6116,2.17472,41.0641,5.51911,95.4835,34.2095
No,User_491,Tesla Model 3,Evening,85,15.2542,3.30846,6.76253,1.6408,263.828,-2.25832
No,User_492,Hyundai Kona,Night,85,45.0685,1.71258,41.0331,7.39845,76.4839,37.0142
No,User_493,BMW i3,Morning,100,10.1552,1.5201,41.1805,6.57126,156.084,7.54124
No,User_494,Tesla Model 3,Morning,75,54.9977,3.47863,34.5846,36.0612,2.90837,22.3253
No,User_495,Hyundai Kona,Night,75,64.8705,3.23391,38.9882,5.19759,90.1348,27.3341
No,User_496,Tesla Model 3,Night,50,25.1323,1.89986,16.2055,32.6159,127.43,40.2555
No,User_497,Chevy Bolt,Afternoon,100,14.4627,3.40012,44.0404,18.4133,55.7448,1.7817
No,User_498,Tesla Model 3,Morning,100,79.4181,2.44888,40.5397,21.0256,54.6614,-0.380387
No,User_499,Tesla Model 3,Evening,75,44.4185,2.34437,19.663,6.18554,116.421,36.3883
No,User_500,Tesla Model 3,Evening,104.917,74.0204,2.68605,31.7034,16.6284,171.662,17.8907
No,User_501,BMW i3,Morning,85,36.5054,2.25553,11.4088,18.472,272.298,11.1023
No,User_502,Tesla Model 3,Night,50,39.0671,3.86959,16.6747,18.3995,110.696,18.6175
No,User_503,Hyundai Kona,Afternoon,50,63.794,0.780727,25.3377,18.773,208.105,22.7367
No,User_504,Chevy Bolt,Evening,85,67.4512,0.849602,45.0192,28.3423,277.489,20.7052
No,User_505,Chevy Bolt,Afternoon,62,56.8885,3.00285,4.86618,28.2538,153.074,29.9558
No,User_506,Tesla Model 3,Evening,75,21.8194,1.98925,25.963,34.2578,199.573,38.0842
No,User_507,BMW i3,Evening,62,47.0129,1.66689,32.3518,5.89013,18.7298,15.7239
No,User_508,BMW i3,Morning,75,73.6197,3.51241,25.2763,24.7532,253.846,36.1588
No,User_509,Hyundai Kona,Evening,85,42.6429,1.49214,35.5026,23.1083,153.597,5.84446
No,User_510,Tesla Model 3,Afternoon,51.402,41.9436,2.53696,11.3362,23.0531,192.782,-0.309294
No,User_511,Chevy Bolt,Afternoon,50,37.1629,2.5098,16.7136,34.2572,177.97,26.5159
No,User_512,BMW i3,Morning,75,34.661,3.17632,20.9394,8.04524,207.736,5.41306
No,User_513,Tesla Model 3,Evening,99.5369,42.6429,1.81559,24.3046,28.0134,33.4542,37.8885
No,User_514,BMW i3,Afternoon,174.41,8.89116,2.88439,48.7358,8.58646,153.597,25.2147
No,User_515,BMW i3,Night,62,29.3793,3.71339,9.76164,38.9703,269.377,26.352
No,User_516,Chevy Bolt,Morning,85,6.53837,0.476489,25.963,38.991,91.9242,30.0548
No,User_517,Nissan Leaf,Night,50,70.39,1.63747,25.963,32.2614,188.31,-7.64344
No,User_518,Hyundai Kona,Afternoon,62,16.081,3.2689,36.7281,69.4077,208.9,38.0785
No,User_519,Hyundai Kona,Night,75,7.55757,1.50067,43.2339,28.5247,22.222,39.7028
No,User_520,Chevy Bolt,Morning,54.3709,15.8078,0.727233,7.18403,30.3131,53.3112,22.804
No,User_521,BMW i3,Night,85,60.1237,2.96901,30.6593,19.6273,205.553,34.6322
No,User_522,Tesla Model 3,Afternoon,85,67.9394,1.22306,17.8997,0.307085,109.009,5.54313
No,User_523,BMW i3,Night,50,70.0403,2.93427,32.4103,16.5765,149.706,-1.33659
No,User_524,Chevy Bolt,Night,85,68.5555,0.620746,6.32636,13.3656,40.6126,-7.03122
No,User_525,Hyundai Kona,Night,75,36.5658,1.59162,46.2654,23.2899,153.597,6.77492
No,User_526,BMW i3,Evening,100,20.4536,0.919791,26.5046,9.3188,200.18,7.5018
No,User_527,Hyundai Kona,Afternoon,100,9.71695,2.3681,43.5554,25.719,100.959,5.93783
No,User_528,Tesla Model 3,Night,62,61.6843,0.674301,13.4128,29.8407,277.818,37.44
No,User_529,Hyundai Kona,Afternoon,62,28.5789,0.97728,18.8905,36.5578,268.456,17.6751
No,User_530,Hyundai Kona,Night,62,21.134,3.89852,32.292,10.7272,72.3538,-1.21212
No,User_531,Nissan Leaf,Morning,85,46.766,0.897608,1.47255,36.6989,122.105,6.27002
No,User_532,Nissan Leaf,Morning,87.4886,17.7598,2.71526,42.8224,29.8653,175.125,28.1199
No,User_533,Nissan Leaf,Morning,50,79.3901,2.71431,19.1378,21.8527,153.597,14.4613
No,User_534,Hyundai Kona,Night,100,21.0692,3.72405,28.509,37.4077,222.288,5.92205
No,User_535,Chevy Bolt,Afternoon,50,19.4025,2.05287,5.01084,12.0964,111.923,-9.27505
No,User_536,Hyundai Kona,Morning,62,42.6429,1.74437,27.8315,36.423,63.4562,8.4134
No,User_537,Chevy Bolt,Evening,85,44.8701,1.58734,41.4195,34.2388,63.1903,7.06699
No,User_538,Chevy Bolt,Morning,62,46.2117,3.41317,48.9729,28.8349,36.7372,15.6931
No,User_539,Nissan Leaf,Morning,85,42.6429,4.14175,34.6921,32.2061,153.597,-8.77123
No,User_540,BMW i3,Evening,62,57.0384,2.18788,43.9674,8.95809,181.045,8.22344
No,User_541,Tesla Model 3,Morning,62,32.9396,3.26384,38.7063,29.9627,29.207,-3.48583
No,User_542,Nissan Leaf,Night,75,63.0236,1.32823,8.55901,17.5706,190.238,-2.81544
No,User_543,Nissan Leaf,Night,51.1129,33.014,2.66167,31.904,31.9233,20.4719,18.7966
No,User_544,BMW i3,Morning,62,56.6175,1.25543,25.963,37.142,107.008,28.9399
No,User_545,Tesla Model 3,Afternoon,50,53.174,0.626534,19.1492,26.6878,105.451,37.8913
No,User_546,Hyundai Kona,Afternoon,50,51.8707,3.86072,28.7468,20.1904,261.225,-0.22755
No,User_547,Hyundai Kona,Morning,100,64.308,2.47266,33.3085,14.1951,232.111,-7.67663
No,User_548,Nissan Leaf,Evening,75,4.28832,2.45986,38.8417,41.8681,107.397,-8.96394
No,User_549,Tesla Model 3,Night,85,56.7276,2.01401,11.9263,19.1448,288.198,10.5707
No,User_550,Nissan Leaf,Night,75,44.91,0.893941,16.7492,32.1605,14.1265,27.1861
No,User_551,Chevy Bolt,Night,85,13.8766,2.16452,46.7593,9.88644,192.988,37.2523
No,User_552,Nissan Leaf,Morning,62,39.3712,1.41138,26.0376,27.0825,79.7557,27.3471
No,User_553,Nissan Leaf,Night,46.6695,11.7585,3.04225,34.72,13.2886,272.88,-5.12305
No,User_554,Hyundai Kona,Morning,100,49.8978,2.40151,44.0475,37.8733,233.243,18.0083
No,User_555,Hyundai Kona,Morning,85,64.6098,1.22689,3.99136,37.0808,116.177,17.1092
No,User_556,Hyundai Kona,Afternoon,50,12.5949,3.42048,13.2868,25.1386,67.6213,34.2477
No,User_557,Chevy Bolt,Evening,75,65.5974,1.02689,5.58731,2.34808,153.597,-9.26753
No,User_558,Hyundai Kona,Evening,50,8.11245,1.65246,37.2916,32.1288,286.343,-8.48344
No,User_559,Tesla Model 3,Evening,85,48.9611,2.96757,28.5995,12.3265,122.751,6.65901
No,User_560,BMW i3,Night,62,34.3829,2.52093,6.5582,22.8764,108.592,-9.8251
No,User_561,Tesla Model 3,Afternoon,50,52.5569,1.03896,37.5024,26.9228,49.5712,31.5288
No,User_562,Tesla Model 3,Afternoon,62,37.2303,1.31583,4.30264,24.6255,207.166,9.71481
No,User_563,Hyundai Kona,Morning,62,54.7849,1.83552,25.963,30.7923,204.71,26.5489
No,User_564,BMW i3,Afternoon,75,37.4267,2.35352,16.9801,5.46683,136.959,15.3562
No,User_565,BMW i3,Morning,85,28.0793,0.851949,25.5761,11.3361,145.799,27.9569
No,User_566,BMW i3,Afternoon,62,79.7878,1.44646,25.963,15.6766,286.573,1.14532
No,User_567,Chevy Bolt,Morning,85,75.6225,1.74728,16.7915,30.0546,214.719,38.1056
No,User_568,Hyundai Kona,Night,85,48.5785,3.58927,1.7223,22.0195,41.5791,28.4533
No,User_569,BMW i3,Afternoon,50,60.6375,1.75385,7.70307,14.5889,135.995,12.1689
No,User_570,Chevy Bolt,Evening,75,66.8511,2.58756,20.2711,38.7713,297.894,35.2255
No,User_571,Nissan Leaf,Morning,62,32.348,3.91468,15.1702,16.5235,254.044,11.6577
No,User_572,Nissan Leaf,Afternoon,47.0077,42.6429,0.948062,3.58199,19.0743,27.5752,8.72068
No,User_573,Chevy Bolt,Afternoon,15.4217,67.7059,3.92086,13.8605,33.8399,259.631,-2.73359
No,User_574,Chevy Bolt,Morning,91.2889,8.38369,2.00027,40.1779,11.6762,283.731,18.4069
No,User_575,Hyundai Kona,Afternoon,50,60.9398,1.81247,18.8794,30.0556,88.2556,1.89549
No,User_576,Hyundai Kona,Evening,100,42.6429,0.563699,21.4577,15.0891,61.6833,16.3399
No,User_577,Nissan Leaf,Morning,85,42.6429,0.421841,13.14,19.9538,55.8357,23.1742
No,User_578,BMW i3,Morning,85,7.60371,0.807193,25.963,5.58471,87.8556,0.210771
No,User_579,Nissan Leaf,Morning,85,70.5366,2.48415,42.0958,19.8071,173.212,30.2748
No,User_580,BMW i3,Morning,100,73.3159,2.89699,23.9735,18.388,86.3845,17.7387
No,User_581,BMW i3,Morning,50,62.8679,2.92318,15.49,10.0109,112.922,1.90174
No,User_582,Hyundai Kona,Evening,100,14.3552,1.7663,47.8049,35.2466,274.799,21.9763
No,User_583,Tesla Model 3,Morning,85,74.7897,1.87986,21.1084,10.3423,260.004,32.7459
No,User_584,Tesla Model 3,Evening,75,41.9808,1.73214,14.0909,37.6206,156.732,15.6175
No,User_585,Chevy Bolt,Evening,91.7755,66.8231,2.98595,11.8963,22.6858,108.852,36.042
No,User_586,Hyundai Kona,Evening,50,47.1884,3.33013,5.34005,29.7936,156.464,5.10723
No,User_587,BMW i3,Morning,100,46.296,2.15386,10.6004,13.9049,89.6007,9.89321
No,User_588,Tesla Model 3,Evening,75,37.1085,2.93839,20.0803,20.3548,32.1769,15.6487
No,User_589,BMW i3,Morning,62,71.9751,1.05754,23.65,32.0207,103.916,21.5262
No,User_590,Tesla Model 3,Evening,85,42.6429,3.736,22.1284,31.0046,254.544,-4.04096
No,User_591,Tesla Model 3,Morning,50,45.134,2.01885,25.963,10.6764,193.907,2.87238
No,User_592,Tesla Model 3,Afternoon,85,23.9209,2.14581,25.7966,6.98498,11.9709,22.1702
No,User_593,Hyundai Kona,Afternoon,85,40.6309,2.74974,25.7672,9.16593,250.282,17.4146
No,User_594,Nissan Leaf,Evening,62,75.407,3.15449,17.7297,9.08187,93.7922,12.4571
No,User_595,BMW i3,Night,62,42.6429,3.31498,18.8658,31.5834,55.8645,10.7163
No,User_596,Hyundai Kona,Night,75,36.4903,0.704754,5.9493,23.3636,241.985,36.0486
No,User_597,Hyundai Kona,Afternoon,85,67.5601,2.81124,8.97055,37.6705,145.665,35.8189
No,User_598,Hyundai Kona,Evening,75,52.5747,3.26599,4.71158,12.3289,165.454,16.5446
No,User_599,Hyundai Kona,Evening,85,28.2799,2.69372,13.227,24.9637,190.684,12.3872
No,User_600,Hyundai Kona,Evening,62,28.8691,1.15392,32.83,46.0592,210.277,30.8972
No,User_601,Chevy Bolt,Night,85,13.117,3.53787,25.963,25.7995,213.723,32.055
No,User_602,BMW i3,Afternoon,50,21.4228,0.73488,9.18908,28.0729,74.3813,12.0439
No,User_603,Hyundai Kona,Evening,100,45.1178,3.9527,4.27374,7.07046,162.806,-3.85899
No,User_604,BMW i3,Afternoon,62,26.2922,1.77882,3.59333,33.6946,177.813,32.0606
No,User_605,Chevy Bolt,Afternoon,75,51.6368,0.783552,14.607,13.4797,277.733,31.3028
No,User_606,Chevy Bolt,Morning,85,44.8172,1.03586,12.5469,32.942,174.927,-6.15965
No,User_607,BMW i3,Night,50,19.362,2.53625,29.6262,35.2578,107.748,0.374659
No,User_608,Tesla Model 3,Afternoon,75,55.3958,2.25303,31.5541,12.8643,163.25,29.7163
No,User_609,Nissan Leaf,Morning,50,22.0164,1.26916,41.1963,35.9401,236.574,11.5444
No,User_610,Tesla Model 3,Night,75,67.3819,0.79921,2.63697,25.8152,233.883,5.89006
No,User_611,Tesla Model 3,Evening,75,68.2383,2.71044,8.9915,39.685,245.315,11.7122
No,User_612,Tesla Model 3,Evening,62,67.1333,1.23415,27.9567,32.6977,7.61989,8.08759
No,User_613,Hyundai Kona,Morning,75,42.9189,3.1654,13.1045,22.0716,129.403,6.36209
No,User_614,Chevy Bolt,Evening,50,42.6429,0.894529,15.335,22.6734,96.0301,28.423
No,User_615,Tesla Model 3,Morning,62,35.3273,1.47164,44.673,25.3625,128.321,29.2128
No,User_616,Chevy Bolt,Morning,62,74.5105,1.58922,7.99491,29.5967,298.3,36.3834
No,User_617,BMW i3,Evening,50,42.6429,1.00989,37.5724,17.3425,73.8077,35.3083
No,User_618,Nissan Leaf,Night,85,49.7387,2.01552,32.8684,19.585,272.185,7.81292
No,User_619,BMW i3,Morning,1.53654,23.5222,1.84437,42.3803,0.671347,162.189,13.6751
No,User_620,BMW i3,Night,100,44.9534,1.59238,34.04,26.3787,232.245,22.5945
No,User_621,Hyundai Kona,Night,121.212,66.7052,1.89522,6.51366,32.2852,166.624,32.8472
No,User_622,Nissan Leaf,Morning,62,44.0622,2.71433,12.6377,5.44925,10.8984,3.80217
No,User_623,BMW i3,Night,100,14.0255,2.27677,30.775,10.795,274.272,9.34435
No,User_624,BMW i3,Morning,85,21.7646,2.01001,20.3174,23.2098,204.083,20.6784
No,User_625,Nissan Leaf,Evening,50,16.5546,6.49401,36.749,30.0177,299.262,-1.63866
No,User_626,Nissan Leaf,Evening,65.2365,15.4741,0.787799,8.61336,15.0632,153.597,12.6027
No,User_627,BMW i3,Evening,50,43.5123,1.18122,26.1352,6.61968,141.168,21.0785
No,User_628,Nissan Leaf,Evening,75,38.5981,1.36942,26.563,45.0443,298.319,6.16119
No,User_629,BMW i3,Evening,62,45.0789,2.40091,25.963,6.55661,250.416,7.33504
No,User_630,BMW i3,Night,85,58.7731,2.74656,12.8023,22.0395,87.2502,4.70046
No,User_631,Hyundai Kona,Night,62,65.5394,1.96512,5.21068,32.8472,166.159,8.90453
No,User_632,Tesla Model 3,Night,62,79.214,2.60433,20.6138,22.4846,153.597,-1.20453
No,User_633,BMW i3,Afternoon,62,62.9194,1.11056,37.2435,38.967,268.547,21.5195
No,User_634,Chevy Bolt,Afternoon,35.0444,18.3997,2.06552,5.90419,28.0215,160.417,15.8335
No,User_635,Tesla Model 3,Morning,62,47.4923,3.4103,44.8722,6.1534,46.7722,-5.25364
No,User_636,Tesla Model 3,Afternoon,85,21.4714,3.11623,47.1898,26.8745,281.257,16.6026
No,User_637,Tesla Model 3,Evening,75,21.8679,3.38334,29.8841,40.4331,229.702,35.0119
No,User_638,Hyundai Kona,Evening,75,78.2376,2.78321,10.3271,10.5537,66.6369,30.1867
No,User_639,BMW i3,Evening,62,79.7504,3.43346,25.963,12.6749,187.459,29.3945
No,User_640,Hyundai Kona,Morning,85,66.8991,2.76949,39.3241,17.092,227.427,-4.07339
No,User_641,BMW i3,Morning,62,68.0693,1.32118,34.3982,29.4723,135.725,-4.99252
No,User_642,Hyundai Kona,Morning,50,40.0518,1.03974,26.328,36.0471,114.756,30.2854
No,User_643,Hyundai Kona,Morning,85,77.6778,2.87596,36.8838,31.1867,169.201,16.7194
No,User_644,Chevy Bolt,Night,62,38.3604,1.29698,38.3438,10.2255,281.025,5.50127
No,User_645,Hyundai Kona,Morning,75,6.33753,0.941406,4.31596,12.5479,170.921,26.7089
No,User_646,Nissan Leaf,Morning,100,6.97877,2.89186,35.7889,23.116,76.9516,27.3554
No,User_647,Chevy Bolt,Afternoon,62,30.5491,3.74699,31.2315,28.4557,121.462,29.5026
No,User_648,Hyundai Kona,Night,50,62.4204,2.50004,29.9083,8.07537,263.503,23.6672
No,User_649,Tesla Model 3,Evening,25.5734,34.7932,3.41292,11.9156,19.5875,153.597,33.3744
No,User_650,Nissan Leaf,Afternoon,41.6566,58.4579,1.02038,25.963,37.0335,73.7913,20.6928
No,User_651,Nissan Leaf,Morning,100,50.1627,3.62736,41.5662,14.2543,246.835,6.78388
No,User_652,Nissan Leaf,Evening,100,76.065,3.72437,5.49032,8.83272,233.273,10.6754
No,User_653,Chevy Bolt,Evening,75,51.2163,1.84505,18.2753,35.1398,54.8378,14.4613
No,User_654,Hyundai Kona,Evening,85,39.6771,3.94461,5.84715,23.8607,106.706,-1.35623
No,User_655,Hyundai Kona,Afternoon,50,68.269,1.53349,15.0606,8.01048,205.708,11.8724
No,User_656,Tesla Model 3,Night,62,30.55,2.83439,8.83157,38.4418,135.038,29.8142
No,User_657,Tesla Model 3,Night,75,44.7587,3.48977,19.4044,5.78282,293.207,3.85866
No,User_658,Nissan Leaf,Evening,75,59.1573,2.86684,19.1014,20.114,276.609,34.3275
No,User_659,Tesla Model 3,Morning,100,57.1456,2.56975,5.96244,13.6272,245.055,38.0201
No,User_660,Chevy Bolt,Night,75,42.6429,2.07337,38.6881,38.2995,39.0538,2.05515
No,User_661,Hyundai Kona,Night,75,23.8369,2.85365,12.3295,36.2359,192.323,29.0288
No,User_662,Nissan Leaf,Morning,47.6533,29.3496,2.5597,30.3239,13.5072,95.2684,36.6934
No,User_663,Tesla Model 3,Afternoon,85,47.0609,2.44555,10.414,31.5794,152.057,-7.16362
No,User_664,Chevy Bolt,Afternoon,75,27.1702,3.32094,23.8246,9.88729,163.129,4.16249
No,User_665,Chevy Bolt,Morning,50,48.9423,3.79162,31.1712,10.1637,112.73,31.5083
No,User_666,Tesla Model 3,Afternoon,50,19.1465,2.80415,35.4536,7.52394,153.054,24.1478
No,User_667,Hyundai Kona,Evening,75,58.1973,1.76205,6.50875,38.2963,221.21,19.9011
No,User_668,Tesla Model 3,Night,62,65.2009,2.95273,22.5726,9.01794,214.923,15.0326
No,User_669,Nissan Leaf,Afternoon,5.18953,51.1421,1.78095,21.118,34.7397,290.766,18.3876
No,User_670,Tesla Model 3,Evening,50,69.7159,3.7831,10.0631,37.1193,205.77,-4.47805
No,User_671,Chevy Bolt,Evening,85,41.9772,3.19645,49.3084,19.5628,260.486,8.21627
No,User_672,Tesla Model 3,Evening,50,69.4224,1.93737,9.88982,10.835,74.0437,37.2682
No,User_673,Hyundai Kona,Evening,50,78.9836,2.90407,37.4792,32.7573,222.762,9.56891
No,User_674,BMW i3,Evening,85,8.52793,2.92923,9.8121,17.8611,99.2324,39.93
No,User_675,Tesla Model 3,Morning,96.9892,54.86,1.7409,38.702,18.7916,225.635,-7.66842
No,User_676,Hyundai Kona,Night,105.555,48.5029,3.25696,43.6097,13.9841,94.942,23.8877
No,User_677,Hyundai Kona,Night,62,52.5326,0.750034,40.9904,17.6543,62.196,36.5206
No,User_678,Chevy Bolt,Morning,75,45.4712,2.95775,48.0115,7.38873,289.788,26.5044
No,User_679,Hyundai Kona,Morning,50,34.6803,1.49756,41.8103,36.0263,218.29,37.3459
No,User_680,Hyundai Kona,Evening,50,5.35631,3.00137,18.3174,13.6473,153.597,27.7754
No,User_681,Hyundai Kona,Afternoon,100,27.2822,0.999835,24.478,12.4523,130.788,-3.33989
No,User_682,Hyundai Kona,Night,75,11.5147,2.46081,3.8023,31.1868,234.879,-4.09336
No,User_683,Nissan Leaf,Afternoon,62,9.44817,1.4658,40.5157,17.5933,115.378,-4.80745
No,User_684,Nissan Leaf,Night,85,53.1045,1.8581,12.6205,40.3175,74.3814,14.1213
No,User_685,Chevy Bolt,Evening,75,28.7881,3.19183,33.3727,11.3436,125.829,1.30973
No,User_686,Tesla Model 3,Afternoon,75,51.2069,1.28811,9.97788,24.5772,178.115,12.3225
No,User_687,Hyundai Kona,Night,101.103,7.27544,2.6906,21.0603,34.654,66.8003,26.9537
No,User_688,Tesla Model 3,Night,83.1416,42.6429,3.13658,49.2339,38.3751,109.388,34.4147
No,User_689,Tesla Model 3,Evening,100,74.3497,2.22862,18.0345,31.4215,144.437,-8.05985
No,User_690,Chevy Bolt,Afternoon,50,79.9622,2.96778,9.80773,13.1499,278.476,4.75326
No,User_691,Hyundai Kona,Evening,100,57.2328,1.38964,30.9428,5.66399,36.0039,0.830583
No,User_692,Hyundai Kona,Afternoon,62,39.2231,3.06855,25.963,11.9506,252.932,36.2015
No,User_693,BMW i3,Afternoon,100,10.4201,1.22935,18.8997,8.94215,143.561,21.2931
No,User_694,Tesla Model 3,Night,85,47.1974,1.55127,23.43,9.98847,278.927,28.4199
No,User_695,Tesla Model 3,Morning,75,64.4508,3.99884,21.4718,31.6678,231.192,18.967
No,User_696,Nissan Leaf,Afternoon,85,37.8473,2.26254,2.82615,8.33098,173.233,24.3819
No,User_697,BMW i3,Afternoon,61.3814,42.6429,2.50294,41.1261,8.81894,200.388,38.2433
No,User_698,Nissan Leaf,Evening,62,79.2632,0.620163,27.6451,27.6066,108.955,17.1992
No,User_699,Nissan Leaf,Afternoon,100,38.6171,2.52874,43.0129,10.4013,283.14,34.3181
No,User_700,Nissan Leaf,Afternoon,62,24.4011,1.47802,31.1152,24.1346,32.0395,23.5903
No,User_701,Chevy Bolt,Afternoon,75,26.1798,3.80596,25.8578,26.5969,243.871,-5.3185
No,User_702,Chevy Bolt,Afternoon,75,42.6429,2.85436,45.4561,22.8537,151.867,31.5496
No,User_703,Nissan Leaf,Afternoon,62,28.6847,3.24657,16.4875,30.5223,248.022,2.87516
No,User_704,BMW i3,Morning,62,34.7267,2.95978,24.0216,25.4786,264.732,-5.82983
No,User_705,Tesla Model 3,Night,100,56.6576,0.613209,21.0698,12.8465,151.967,17.3677
No,User_706,BMW i3,Afternoon,50,5.5838,2.83393,35.8208,35.0091,125.259,16.5109
No,User_707,Hyundai Kona,Evening,85,9.66967,1.62157,37.5142,16.7168,145.133,-1.94507
No,User_708,Chevy Bolt,Evening,193.003,42.7448,1.18016,40.206,14.2557,119.488,-4.17267
No,User_709,Tesla Model 3,Afternoon,75,58.2819,2.28094,32.9765,31.953,205.395,26.1262
No,User_710,Tesla Model 3,Afternoon,50,47.8886,4.22831,26.4252,13.4261,235.895,36.4088
No,User_711,Hyundai Kona,Afternoon,62,10.5582,3.99095,17.2317,29.843,37.9944,32.2601
No,User_712,Hyundai Kona,Morning,62,12.1285,2.95431,9.58216,38.1212,81.6447,23.6194
No,User_713,Nissan Leaf,Night,75,45.9093,0.708739,26.3122,11.2345,194.251,28.4039
No,User_714,Chevy Bolt,Evening,75,8.11537,1.97815,25.963,26.8469,223.406,33.6912
No,User_715,Chevy Bolt,Morning,50,9.62314,3.94449,34.9389,29.8055,28.9583,15.4024
No,User_716,BMW i3,Morning,100,27.8542,1.86648,37.6886,37.9607,89.8145,-1.65554
No,User_717,Nissan Leaf,Afternoon,85,23.2226,0.656486,5.40672,30.8372,214.201,22.9102
No,User_718,Nissan Leaf,Night,50,21.3086,3.7353,28.0436,39.9253,198.734,-5.46533
No,User_719,Nissan Leaf,Afternoon,50,77.4575,3.01052,47.333,38.2566,273.698,-3.04204
No,User_720,Nissan Leaf,Evening,62,32.253,3.64963,71.621,35.4816,25.0576,-1.92554
No,User_721,Chevy Bolt,Night,50,17.9293,2.96454,35.1396,11.4833,219.141,-7.56848
No,User_722,Chevy Bolt,Afternoon,100,77.2958,0.684295,5.97166,8.43109,86.4569,-8.89237
No,User_723,Nissan Leaf,Evening,75,26.493,2.1172,7.14879,27.9687,261.411,19.679
No,User_724,BMW i3,Morning,50,55.3027,2.54457,37.3475,24.082,106.94,30.1884
No,User_725,Tesla Model 3,Evening,100,10.1923,2.19366,14.4354,29.616,298.969,-5.39233
No,User_726,Tesla Model 3,Evening,42.224,62.634,1.3061,37.5745,18.484,38.615,1.19542
No,User_727,BMW i3,Evening,7.71452,36.2294,1.88569,11.0931,31.0901,144.45,17.3968
No,User_728,Nissan Leaf,Night,62,12.3504,1.49956,44.0476,24.3093,153.597,15.0099
No,User_729,Chevy Bolt,Morning,75,28.2485,2.57355,26.6402,16.5221,149.004,16.6941
No,User_730,Tesla Model 3,Night,62,53.1899,1.90146,4.8756,36.9287,166.982,37.3951
No,User_731,Hyundai Kona,Morning,62,63.972,1.98151,41.3489,10.3401,90.7949,9.19251
No,User_732,Hyundai Kona,Afternoon,75,48.6636,1.75627,36.3237,15.3996,178.121,21.0124
No,User_733,BMW i3,Afternoon,75,51.1618,1.92457,14.8984,35.9128,258.29,31.5632
No,User_734,Nissan Leaf,Evening,75,68.2447,3.37557,49.3613,33.3604,276.393,14.8262
No,User_735,Tesla Model 3,Evening,62,70.3848,1.04662,20.6196,25.4371,302.852,-6.49718
No,User_736,Nissan Leaf,Night,75,56.5529,2.62104,4.3401,38.8466,12.0243,10.5116
No,User_737,Tesla Model 3,Morning,85,16.8278,2.73882,14.5113,11.5798,199.302,25.965
No,User_738,BMW i3,Morning,62,76.4683,3.68118,25.963,37.0584,270.495,38.6481
No,User_739,BMW i3,Morning,100,6.06516,3.59777,46.6235,16.178,92.4044,27.2921
No,User_740,Hyundai Kona,Evening,62,10.1377,1.58237,36.0778,26.5543,217.597,40.8167
No,User_741,Nissan Leaf,Evening,75,62.5376,3.11167,24.1879,21.6632,257.313,19.1498
No,User_742,Hyundai Kona,Morning,62,42.6429,2.36718,31.7147,18.0992,158.36,36.3944
No,User_743,Nissan Leaf,Evening,37.3297,16.4972,1.81136,9.55496,12.1892,225.255,31.7965
No,User_744,Hyundai Kona,Morning,94.2006,9.12783,0.993149,25.963,8.65839,191.148,6.72219
No,User_745,Chevy Bolt,Night,50,43.9999,3.55798,30.2447,24.3092,138.766,-6.94428
No,User_746,Chevy Bolt,Afternoon,62,41.7666,4.59269,21.8337,36.7044,14.5924,38.8127
No,User_747,Chevy Bolt,Morning,100,6.69533,2.1336,4.05023,34.4592,104.718,1.6253
No,User_748,Chevy Bolt,Evening,62,69.4392,3.65959,16.6134,12.6126,266.83,9.99423
No,User_749,Tesla Model 3,Night,75,38.7112,2.96756,14.5336,14.3618,260.488,-6.3594
No,User_750,Chevy Bolt,Evening,81.3684,57.9777,2.85908,6.49919,14.3382,114.883,7.63685
No,User_751,BMW i3,Evening,75,74.1075,2.22466,45.6974,14.758,177.209,3.2625
No,User_752,BMW i3,Evening,100,40.3191,1.74361,11.7679,15.1003,99.1873,0.534567
No,User_753,Tesla Model 3,Morning,50,47.1981,2.86138,44.3366,27.3852,86.6094,4.25187
No,User_754,Chevy Bolt,Night,100,22.5156,3.55556,35.1525,11.2199,80.1644,16.3364
No,User_755,Chevy Bolt,Morning,62,68.2609,2.41358,33.6448,17.0344,153.597,-9.54257
No,User_756,Chevy Bolt,Afternoon,50,73.506,1.83591,30.9314,31.849,246.288,2.31526
No,User_757,Hyundai Kona,Morning,75,73.8694,1.1968,26.087,5.64405,180.455,21.2946
No,User_758,Nissan Leaf,Afternoon,50,64.3771,2.31486,15.2566,8.8118,199.758,25.4074
No,User_759,Hyundai Kona,Night,50,12.0101,0.75296,47.9021,35.0917,133.446,23.9491
No,User_760,Nissan Leaf,Night,29.5943,36.2262,3.99243,27.1965,21.9327,34.0377,23.334
No,User_761,Chevy Bolt,Morning,100,28.847,3.29371,11.0276,10.4309,298.631,-0.464123
No,User_762,Chevy Bolt,Morning,85,76.5801,2.6781,41.1225,21.3169,233.212,14.0867
No,User_763,Hyundai Kona,Evening,50,74.1342,2.18637,47.8169,11.3492,151.066,18.2376
No,User_764,Hyundai Kona,Afternoon,100,73.8092,2.36987,10.5759,5.30774,126.396,25.0449
No,User_765,Nissan Leaf,Evening,50,35.0267,1.73952,22.028,28.8083,208.481,-8.71218
No,User_766,BMW i3,Evening,62,42.6429,2.20298,10.6046,15.1085,172.642,39.3725
No,User_767,Nissan Leaf,Night,85,35.8995,1.77245,12.5119,20.2463,150.277,15.0558
No,User_768,Hyundai Kona,Morning,62,48.3302,2.15415,14.8126,15.3037,229.183,18.0325
No,User_769,Hyundai Kona,Night,75,53.7149,1.69237,23.727,30.1437,153.597,-6.36933
No,User_770,Tesla Model 3,Morning,75,15.5584,0.755443,44.4507,28.8365,243.828,25.9002
No,User_771,Hyundai Kona,Night,50,40.7367,2.53453,9.86676,36.5745,119.097,13.5469
No,User_772,Tesla Model 3,Night,62,11.5798,3.6161,9.63403,5.77775,157.612,36.0382
No,User_773,BMW i3,Night,75,39.6767,6.75915,43.1204,15.2985,14.5909,-8.63001
No,User_774,Nissan Leaf,Afternoon,100,5.75534,1.58866,10.8797,25.172,18.711,11.1143
No,User_775,Nissan Leaf,Night,50,54.4866,1.60955,25.963,11.3008,71.1326,4.67051
No,User_776,Tesla Model 3,Afternoon,62,20.5187,3.64658,27.1735,13.372,286.44,22.4797
No,User_777,Nissan Leaf,Night,62,13.588,3.51707,40.8117,37.8979,103.521,4.53362
No,User_778,Hyundai Kona,Morning,50,19.9764,2.28734,35.9004,22.6422,299.464,14.4342
No,User_779,Chevy Bolt,Afternoon,50,73.3714,3.02263,45.508,11.8681,180.452,7.72342
No,User_780,Tesla Model 3,Morning,75,75.6226,3.73885,37.1756,17.798,75.6532,6.2112
No,User_781,Nissan Leaf,Morning,64.7707,15.5678,1.22202,49.6391,18.5497,31.5965,35.6978
No,User_782,Tesla Model 3,Morning,50,36.6316,0.974394,17.4986,31.1631,59.0966,-1.75957
No,User_783,Tesla Model 3,Afternoon,50,6.30729,2.79883,21.8519,23.8793,179.093,10.3566
No,User_784,Chevy Bolt,Evening,50,52.1835,2.8802,37.9125,12.9952,259.569,-2.664
No,User_785,Hyundai Kona,Afternoon,75,42.6429,1.77455,29.8376,36.8859,38.0225,5.45917
No,User_786,Tesla Model 3,Evening,61.4609,17.2187,0.957521,47.7461,15.176,20.4947,20.0188
No,User_787,Nissan Leaf,Afternoon,50,48.146,2.86736,15.5217,31.8391,33.0871,32.2274
No,User_788,BMW i3,Night,62,25.1212,1.01051,32.0937,14.4408,272.287,-6.05289
No,User_789,Tesla Model 3,Evening,85,67.9028,0.835319,41.067,25.5701,120.368,25.5852
No,User_790,Tesla Model 3,Night,85,43.2545,3.21076,19.278,13.3747,156.196,27.8176
No,User_791,Chevy Bolt,Evening,62,62.6155,1.81505,19.7946,16.7877,209.627,21.4536
No,User_792,Hyundai Kona,Afternoon,85,43.8259,3.12813,41.8375,58.7467,29.9444,33.5469
No,User_793,BMW i3,Afternoon,100,31.187,1.86044,11.5817,17.2637,18.8458,28.3335
No,User_794,Nissan Leaf,Evening,75,74.8264,1.39858,43.1333,26.2187,238.744,30.956
No,User_795,BMW i3,Night,85,42.6429,1.68338,9.43351,22.9475,0.862361,25.3627
No,User_796,Nissan Leaf,Morning,75,78.8952,1.2259,30.7493,7.26029,73.6139,16.5209
No,User_797,Hyundai Kona,Evening,62,10.2419,1.39475,29.2162,34.6533,295.915,18.1539
No,User_798,Nissan Leaf,Evening,85,5.14489,1.99662,9.23095,21.4895,66.521,8.6407
No,User_799,Chevy Bolt,Night,50,59.9228,3.75322,30.4294,14.1177,239.158,7.17732
No,User_800,Chevy Bolt,Morning,62,8.35302,3.43048,34.7197,35.6606,42.5513,2.81919
No,User_801,Chevy Bolt,Evening,58.3698,40.7628,0.938437,41.3329,24.9145,196.514,35.5495
No,User_802,Chevy Bolt,Morning,85,18.8906,1.41878,17.0054,28.2428,73.2568,32.9504
No,User_803,BMW i3,Morning,50,42.7982,2.34271,33.7888,12.7766,17.7601,12.9183
No,User_804,Hyundai Kona,Afternoon,62,12.8144,2.58854,27.382,29.6354,251.171,22.6142
No,User_805,Nissan Leaf,Night,75,8.91842,1.55694,16.242,8.64002,15.2134,9.11397
No,User_806,Nissan Leaf,Evening,62,0.121143,1.45564,45.5816,37.7106,66.364,30.1879
No,User_807,Chevy Bolt,Evening,62,10.9114,1.98454,20.9925,15.1352,256.597,31.6328
No,User_808,Chevy Bolt,Morning,75,7.85887,3.36113,4.83037,36.5119,284.654,23.6955
No,User_809,Tesla Model 3,Evening,75,70.1714,3.82795,12.9625,13.921,155.725,1.49611
No,User_810,Hyundai Kona,Morning,62,15.1874,2.7346,13.08,26.1531,252.851,36.9999
No,User_811,BMW i3,Evening,85,77.8613,0.706537,30.1442,37.1304,20.6557,0.786534
No,User_812,Nissan Leaf,Night,62,37.1893,1.22884,3.85669,17.7742,269.148,19.8566
No,User_813,Tesla Model 3,Evening,62,25.7119,2.30933,32.6209,29.4512,190.282,8.00517
No,User_814,Tesla Model 3,Morning,50,9.08625,2.01006,14.0887,16.9451,278.428,-8.9836
No,User_815,Nissan Leaf,Morning,75,27.0047,3.44149,46.4114,38.5271,298.87,8.77404
No,User_816,BMW i3,Evening,50,6.66175,4.11006,10.8901,30.8977,153.597,20.5155
No,User_817,Tesla Model 3,Evening,100,53.6484,3.40854,47.2904,14.665,292.872,12.0256
No,User_818,Tesla Model 3,Morning,85,40.6562,3.37778,49.9207,38.4475,189.597,8.45375
No,User_819,Hyundai Kona,Afternoon,100,71.1625,1.20261,44.7449,23.7013,287.064,3.70687
No,User_820,BMW i3,Afternoon,85,16.1111,1.06103,22.4567,25.7994,75.4988,-7.66375
No,User_821,Tesla Model 3,Evening,47.5958,58.9106,2.2833,23.3796,9.74999,138.883,-8.60311
No,User_822,BMW i3,Night,100,8.75167,3.13554,11.5954,5.04321,49.682,4.85431
No,User_823,Nissan Leaf,Evening,100,31.8881,1.38857,39.8372,21.1492,124.721,15.8482
No,User_824,Chevy Bolt,Night,50,64.0438,0.530419,46.3517,38.265,200.643,29.8761
No,User_825,Tesla Model 3,Evening,100,56.0453,2.49211,19.0102,13.4664,153.597,12.4368
No,User_826,Hyundai Kona,Morning,62,10.3179,2.34632,18.5716,25.0859,87.1408,33.2655
No,User_827,Nissan Leaf,Evening,100,72.7985,3.67536,15.4421,19.0612,172.531,24.1821
No,User_828,BMW i3,Night,85,67.8876,1.94534,30.1267,9.41022,249.543,16.0055
No,User_829,Nissan Leaf,Night,75,41.2484,2.82761,32.9508,34.5612,154.346,3.22173
No,User_830,Tesla Model 3,Evening,100,35.0241,0.918672,32.0928,8.51503,120.732,14.6198
No,User_831,BMW i3,Evening,100,54.9132,2.04046,7.60037,32.218,57.9546,2.7655
No,User_832,Chevy Bolt,Afternoon,75,51.0234,3.03484,45.8015,39.1307,270.619,11.008
No,User_833,Nissan Leaf,Evening,12.0333,62.6336,0.668854,9.03851,17.6823,288.55,47.3182
No,User_834,Tesla Model 3,Evening,105.287,42.6429,1.85146,8.12698,37.2204,276.56,-0.269334
No,User_835,Hyundai Kona,Morning,62,42.2228,2.32345,35.749,22.3321,258.221,18.5802
No,User_836,BMW i3,Night,140.762,60.0803,2.07831,46.1542,17.1111,221.897,-10.7248
No,User_837,Nissan Leaf,Afternoon,100,47.2002,4.1465,43.1148,28.5591,85.6022,37.5849
No,User_838,Nissan Leaf,Morning,50,58.5599,2.33902,18.5769,9.83544,70.4013,-2.27569
No,User_839,Chevy Bolt,Evening,75,18.5291,2.33642,6.34634,18.2661,187.581,38.7905
No,User_840,Chevy Bolt,Night,75,20.0263,1.82693,41.6178,28.4086,190.8,25.2571
No,User_841,Hyundai Kona,Evening,75,61.1208,0.863123,25.963,29.0831,95.8092,1.52058
No,User_842,Hyundai Kona,Evening,100,47.9958,2.69127,39.1548,10.6751,292.698,17.5881
No,User_843,Tesla Model 3,Evening,100,60.7048,3.07249,8.36482,38.6669,156.638,50.5439
No,User_844,Tesla Model 3,Evening,50,35.8439,0.584135,8.05772,9.07823,219.103,-9.0791
No,User_845,Hyundai Kona,Night,75,77.2613,2.93755,25.963,28.1045,128.626,18.9206
No,User_846,Hyundai Kona,Morning,75,44.8756,1.6792,9.76615,9.09698,245.355,22.9666
No,User_847,BMW i3,Evening,75,61.5673,3.71028,41.3163,8.42113,279.517,-2.20958
No,User_848,Chevy Bolt,Evening,50,24.7971,3.82079,36.2183,14.3134,51.6397,23.3504
No,User_849,Tesla Model 3,Afternoon,62,73.0761,5.94557,8.45584,37.4478,228.319,-0.413483
No,User_850,Chevy Bolt,Afternoon,85,6.53578,1.70554,13.4224,14.002,153.597,36.7857
No,User_851,Chevy Bolt,Night,62,22.5729,2.96015,25.2916,22.2248,49.076,24.4118
No,User_852,Hyundai Kona,Evening,96.6087,56.5165,3.00317,47.8295,38.133,31.1953,69.4859
No,User_853,BMW i3,Evening,75,42.6429,3.09539,5.1676,14.6673,280.32,17.787
No,User_854,Nissan Leaf,Evening,85,76.4499,2.27274,20.5523,11.3461,42.6203,32.608
No,User_855,BMW i3,Night,62,51.4923,3.91158,35.2195,21.3795,32.4846,-4.12344
No,User_856,BMW i3,Night,100,55.7826,1.27971,5.5922,8.0483,50.9054,15.8068
No,User_857,Chevy Bolt,Evening,62,67.7767,5.21161,9.80124,38.0007,28.5825,-10.6597
No,User_858,BMW i3,Evening,73.85,37.0556,1.68337,7.32242,38.6453,23.6182,5.66461
No,User_859,Tesla Model 3,Night,50,40.2713,2.77694,7.67557,14.4024,202.214,7.70194
No,User_860,Chevy Bolt,Evening,75,44.7697,0.640695,20.5902,29.6098,168.534,24.2582
No,User_861,Tesla Model 3,Morning,75,38.2138,1.88863,35.8922,22.2345,239.291,3.05617
No,User_862,Nissan Leaf,Morning,53.9737,65.1204,2.42606,12.3097,14.9561,256.208,16.4038
No,User_863,Chevy Bolt,Night,50,64,3.44562,30.2267,29.5279,220.638,38.3517
No,User_864,Nissan Leaf,Morning,85,5.01389,1.01234,46.8751,24.1144,139.939,1.60272
No,User_865,Chevy Bolt,Afternoon,85,49.9789,1.4365,25.963,34.3733,153.597,2.01008
No,User_866,Hyundai Kona,Evening,100,42.6429,0.595209,25.963,21.5911,110.22,4.13936
No,User_867,BMW i3,Afternoon,62,74.9369,1.50451,14.4347,38.3026,21.9955,27.2752
No,User_868,Hyundai Kona,Afternoon,75,40.2572,1.44155,17.9474,18.6641,61.0538,31.6024
No,User_869,Nissan Leaf,Afternoon,62,51.2029,1.44706,45.1909,39.1968,129.49,15.6484
No,User_870,BMW i3,Morning,85,54.885,3.03614,15.0142,31.9933,139.544,2.59052
No,User_871,Chevy Bolt,Evening,85,50.616,3.7607,34.8546,28.0508,153.597,-7.01245
No,User_872,BMW i3,Evening,100,55.6553,1.67897,30.4048,31.6442,179.432,16.0528
No,User_873,Tesla Model 3,Night,85,48.7577,2.51689,34.4812,11.6506,182.124,30.5789
No,User_874,BMW i3,Afternoon,85,72.9582,2.91783,29.9905,20.5181,256.27,12.9874
No,User_875,Tesla Model 3,Morning,62,58.1127,2.57223,43.4773,36.4354,293.12,24.1345
No,User_876,BMW i3,Afternoon,62,56.5204,2.29698,12.8886,9.43417,114.19,19.1032
No,User_877,Tesla Model 3,Afternoon,100,42.6429,2.61979,47.9813,20.9816,244.864,8.96418
No,User_878,Nissan Leaf,Evening,26.1365,28.7805,0.771312,7.44677,27.5213,162.466,5.29126
No,User_879,Hyundai Kona,Night,50,9.04773,1.96771,40.9108,25.2699,286.843,37.0362
No,User_880,Chevy Bolt,Morning,62,51.0854,0.949756,25.8385,7.18139,121.435,16.9531
No,User_881,BMW i3,Evening,62,36.2626,2.01236,38.1491,35.1461,85.3824,-0.495077
No,User_882,Hyundai Kona,Afternoon,62,77.4542,3.30826,29.4134,5.69147,238.865,2.24906
No,User_883,Chevy Bolt,Evening,62,68.2193,0.88645,14.8844,17.2671,221.378,1.81508
No,User_884,Chevy Bolt,Afternoon,100,57.6754,2.87957,46.3132,33.6742,124.079,3.26165
No,User_885,Tesla Model 3,Morning,88.8692,20.1708,2.45045,40.4208,37.2554,96.2533,2.84413
No,User_886,Nissan Leaf,Evening,100,78.1677,2.12848,48.9962,37.7449,214.621,-4.13663
No,User_887,Nissan Leaf,Evening,85,76.9535,3.44324,36.8107,35.7273,36.3974,9.26233
No,User_888,Hyundai Kona,Evening,50,62.7494,2.07332,15.8362,33.009,153.597,8.27327
No,User_889,Nissan Leaf,Evening,85,47.6304,1.5497,26.0125,18.4838,59.9941,24.2184
No,User_890,BMW i3,Evening,100,51.7371,1.35529,26.6919,16.0519,252.937,15.6124
No,User_891,Nissan Leaf,Morning,75,41.8865,3.74112,23.0221,26.3554,88.9173,7.80908
No,User_892,Hyundai Kona,Night,85,71.9557,1.65574,39.2158,26.3099,263.061,12.9702
No,User_893,Nissan Leaf,Morning,100,39.9328,2.70592,49.1166,20.7166,327.393,8.66358
No,User_894,BMW i3,Evening,85,30.5763,1.01373,49.4614,22.3371,260.143,19.0925
No,User_895,Tesla Model 3,Afternoon,75,73.6065,1.37572,26.0879,25.4808,153.597,-0.779034
No,User_896,Hyundai Kona,Afternoon,100,14.1099,0.936721,26.3999,13.5713,153.597,25.1928
No,User_897,Tesla Model 3,Evening,50,38.9576,2.43097,28.4383,10.6366,77.4203,-0.231206
No,User_898,Tesla Model 3,Night,62,60.7182,2.19416,18.4949,20.4727,84.0266,2.39432
No,User_899,Tesla Model 3,Evening,50,79.2781,3.89478,21.28,38.0733,11.6012,38.0265
No,User_900,Chevy Bolt,Morning,100,30.2752,1.79476,9.89609,15.6704,214.473,31.5544
No,User_901,Chevy Bolt,Night,50,42.6429,1.63159,25.963,13.4882,191.688,-5.79367
No,User_902,Tesla Model 3,Night,85,50.9226,2.74507,43.4093,30.0075,120.885,12.4626
No,User_903,Hyundai Kona,Morning,100,58.9244,2.20116,33.5272,18.0072,95.6444,4.83741
No,User_904,BMW i3,Night,50,6.26824,5.67379,25.963,7.7384,151.08,25.0687
No,User_905,BMW i3,Evening,85,13.0892,0.74998,31.9077,26.6043,272.198,14.5182
No,User_906,Nissan Leaf,Evening,50,31.1023,0.993842,40.1436,19.3632,10.931,13.7818
No,User_907,Hyundai Kona,Afternoon,43.7191,42.6429,2.3042,21.6885,8.59894,153.597,26.4407
No,User_908,Chevy Bolt,Morning,75,27.6944,1.40218,47.3262,7.234,32.8317,19.2652
No,User_909,Tesla Model 3,Night,100,50.5145,2.22873,19.0865,11.0602,121.1,29.2928
No,User_910,Nissan Leaf,Night,62,20.8464,1.49977,26.5778,15.7677,139.371,-2.37689
No,User_911,BMW i3,Night,100,45.6197,0.913834,36.5268,36.9506,153.597,33.5018
No,User_912,Chevy Bolt,Evening,58.3352,39.6868,1.40292,4.31933,13.1179,103.752,4.33845
No,User_913,Chevy Bolt,Morning,50,6.81802,3.06166,17.6949,22.3665,244.391,37.4873
No,User_914,Tesla Model 3,Evening,50,55.1715,2.28579,8.40336,10.7301,186.42,34.586
No,User_915,BMW i3,Night,101.023,152.239,0.710298,36.0923,32.5875,145.162,39.542
No,User_916,Hyundai Kona,Evening,85,60.2885,1.85315,51.3636,34.5859,113.358,41.8913
No,User_917,Chevy Bolt,Night,76.3366,16.3764,0.863984,33.3006,13.7959,193.399,3.32494
No,User_918,Tesla Model 3,Night,50,37.6101,3.44172,21.0677,32.7785,14.917,38.3408
No,User_919,Hyundai Kona,Evening,100,38.0096,2.83024,6.59023,7.7791,233.17,-4.14866
No,User_920,BMW i3,Night,75,51.8913,1.85418,29.9009,13.0485,74.5308,33.3572
No,User_921,Chevy Bolt,Evening,62,9.88998,1.61378,40.4409,19.354,20.0194,19.9504
No,User_922,Hyundai Kona,Afternoon,75,73.6274,0.962344,40.5358,27.4021,153.597,19.8013
No,User_923,Hyundai Kona,Evening,62,10.3366,3.71429,25.963,31.6858,47.5354,5.19491
No,User_924,Hyundai Kona,Afternoon,62,69.106,1.25715,27.3813,20.7924,217.306,41.3411
No,User_925,Chevy Bolt,Afternoon,75,18.3074,6.7731,23.9155,31.2465,226.729,13.5845
No,User_926,Chevy Bolt,Evening,75,41.7449,2.60786,11.1446,16.2932,166.765,19.7572
No,User_927,Nissan Leaf,Morning,100,42.6429,2.10308,25.3353,37.4227,102.648,18.6821
No,User_928,BMW i3,Morning,75,39.1523,1.31562,9.9381,29.701,232.777,32.0515
No,User_929,Tesla Model 3,Evening,75,37.1186,0.563719,8.69065,15.122,18.9415,-0.542639
No,User_930,Hyundai Kona,Evening,100,35.3454,2.11334,20.0039,60.4025,81.9701,-7.25765
No,User_931,Nissan Leaf,Night,62,18.0344,2.75699,20.3843,19.4559,245.74,4.26993
No,User_932,Tesla Model 3,Night,143.21,42.6429,2.39838,13.4768,40.2102,144.815,-3.73688
No,User_933,Nissan Leaf,Evening,50,45.6603,2.50597,40.6794,31.6266,168.814,22.7395
No,User_934,Chevy Bolt,Morning,75,37.9742,1.74368,4.27522,12.1325,299.76,18.3297
No,User_935,Hyundai Kona,Night,75,45.3938,2.08972,10.2747,32.8578,92.5778,6.02044
No,User_936,Tesla Model 3,Night,50,29.9814,0.66198,7.85172,24.3786,96.1252,-0.636346
No,User_937,Tesla Model 3,Morning,62,6.00672,2.33571,35.1282,30.0353,191.868,4.78893
No,User_938,Tesla Model 3,Evening,50,6.62359,2.70021,19.7565,26.5545,174.819,28.6175
No,User_939,Tesla Model 3,Morning,100,11.4313,1.93748,67.9347,16.139,166.555,21.3499
No,User_940,Tesla Model 3,Afternoon,7.45195,78.9355,2.75786,16.9761,7.8744,135.609,-9.44215
No,User_941,Nissan Leaf,Night,50,58.7415,2.91426,19.9427,20.6086,46.3704,-0.00429831
No,User_942,Hyundai Kona,Night,62,68.8333,1.62355,25.963,39.3778,137.235,32.8009
No,User_943,Chevy Bolt,Night,75,59.2176,1.60275,41.4264,33.5988,222.964,20.4221
No,User_944,Chevy Bolt,Morning,75,40.8573,2.53953,6.4988,35.7517,33.9903,3.31293
No,User_945,Chevy Bolt,Morning,62,56.0696,3.5909,47.9633,37.3096,219.244,-5.19191
No,User_946,Chevy Bolt,Evening,62,78.2368,3.81662,16.3942,17.7284,46.8375,37.8798
No,User_947,Nissan Leaf,Night,50,17.4734,0.834578,25.7926,13.8533,167.689,9.46251
No,User_948,BMW i3,Afternoon,75,26.2211,1.11386,29.5359,33.1513,30.1576,35.5099
No,User_949,Hyundai Kona,Evening,50,70.0973,3.61693,11.6814,15.9183,165.141,-5.44596
No,User_950,Tesla Model 3,Morning,100,55.4086,3.8435,29.5983,33.4639,125.624,5.18469
No,User_951,BMW i3,Afternoon,62,33.4723,3.29858,43.4818,33.6372,27.7701,8.65625
No,User_952,Chevy Bolt,Evening,50,53.5752,0.834375,27.3284,37.022,273.119,5.56966
No,User_953,BMW i3,Morning,94.3582,11.2884,2.39284,6.33518,16.3851,184.147,23.1563
No,User_954,Hyundai Kona,Afternoon,85,6.2691,1.08196,14.863,11.2431,195.201,2.88256
No,User_955,Tesla Model 3,Evening,75,42.9527,1.615,9.87396,16.525,40.7411,3.7337
No,User_956,Tesla Model 3,Afternoon,75,43.2449,3.19653,13.1097,26.8737,187.427,20.0042
No,User_957,Hyundai Kona,Morning,140.514,12.4422,2.92263,41.6687,18.7955,168.217,-9.11306
No,User_958,Hyundai Kona,Evening,100,29.1834,3.09921,5.36515,31.6655,247.43,9.01566
No,User_959,Chevy Bolt,Morning,100,74.1827,1.06684,19.4371,22.2618,119.341,26.6536
No,User_960,Tesla Model 3,Night,100,72.0892,2.49616,7.49458,20.2886,87.6787,3.92703
No,User_961,BMW i3,Night,75,25.3297,1.74272,29.1463,16.5929,32.913,6.3163
No,User_962,Nissan Leaf,Afternoon,85,58.5093,1.60891,19.8967,30.0937,111.465,21.7788
No,User_963,Nissan Leaf,Night,85,76.5777,1.8096,28.3595,9.01429,196.8,28.21
No,User_964,Hyundai Kona,Morning,75,32.0241,1.28782,37.8683,22.4728,105.957,-2.4842
No,User_965,Chevy Bolt,Afternoon,100,63.432,2.74688,18.594,19.8492,153.597,-0.699688
No,User_966,Nissan Leaf,Evening,78.2051,8.25921,0.927741,39.0394,14.4395,153.597,-3.20032
No,User_967,Tesla Model 3,Morning,62,65.0308,2.24374,38.7756,22.1597,185.22,-4.85172
No,User_968,Hyundai Kona,Evening,85,39.19,2.72852,19.26,27.6294,85.4272,32.8256
No,User_969,BMW i3,Evening,100,79.3574,3.36599,12.7955,17.5048,222.159,24.9104
No,User_970,Hyundai Kona,Evening,62,76.6638,4.18968,14.2252,37.1287,284.285,26.5963
No,User_971,BMW i3,Evening,50,54.3176,3.67872,34.0899,34.4225,119.024,-4.19727
No,User_972,Hyundai Kona,Morning,50,31.5515,3.33353,38.1102,36.8052,153.597,46.8013
No,User_973,Hyundai Kona,Night,50,45.8137,3.44418,17.3546,7.40077,235.838,28.4312
No,User_974,Hyundai Kona,Morning,100,60.3863,3.46026,8.65833,25.9939,225.157,22.6135
No,User_975,BMW i3,Night,100,32.5989,2.38637,41.2194,38.5874,240.307,37.0666
No,User_976,BMW i3,Evening,100,0.0457718,2.04308,5.44374,29.9697,272.918,-0.135058
No,User_977,Hyundai Kona,Night,101.88,53.399,3.24394,40.5756,21.9419,145.849,27.8985
No,User_978,Nissan Leaf,Evening,62,73.4526,3.64456,15.4158,14.889,183.988,37.3068
No,User_979,Chevy Bolt,Afternoon,62,75.5234,3.32692,24.8909,10.1026,125.539,0.581612
No,User_980,Chevy Bolt,Evening,75,42.6429,2.55459,47.5515,30.9757,293.291,-7.78606
No,User_981,Chevy Bolt,Night,50,65.0386,3.45851,25.8934,6.82273,229.847,20.2279
No,User_982,BMW i3,Afternoon,85,63.9912,3.27371,42.3933,34.0085,191.767,21.3041
No,User_983,BMW i3,Afternoon,104,65.9342,3.30345,38.5375,11.9021,38.4649,-9.60366
No,User_984,Nissan Leaf,Evening,75,26.7569,0.165394,6.23925,9.58014,77.1546,23.1205
No,User_985,Chevy Bolt,Morning,62,8.82383,3.39494,25.963,22.2087,78.5982,7.67151
No,User_986,Chevy Bolt,Night,100,73.7809,3.80523,46.8057,13.466,16.7267,36.671
No,User_987,Hyundai Kona,Afternoon,62,26.5109,3.14859,28.5313,10.1284,292.321,14.4187
No,User_988,BMW i3,Morning,100,77.6385,3.57753,8.12545,33.5244,67.0334,-3.38629
No,User_989,Chevy Bolt,Evening,100,78.1302,3.37077,3.98487,9.48731,115.003,13.2956
No,User_990,Nissan Leaf,Evening,91.9232,5.60239,3.2475,16.3234,30.1497,54.3197,-0.749513
No,User_991,Nissan Leaf,Evening,85,20.0938,1.15229,46.351,22.7028,68.5934,28.6974
No,User_992,Chevy Bolt,Evening,100,40.276,1.22336,3.82706,20.6334,23.2275,22.7932
No,User_993,BMW i3,Night,75,53.957,3.73705,17.8747,14.8874,17.0945,6.80006
No,User_994,Nissan Leaf,Afternoon,62,60.6138,3.07467,20.918,12.5082,103.509,32.5246
No,User_995,Hyundai Kona,Night,75,63.3084,3.80483,6.45227,25.0943,170.148,27.5767
No,User_996,Nissan Leaf,Afternoon,75,38.6056,0.873091,33.6829,33.7245,223.297,-2.78101
No,User_997,Tesla Model 3,Morning,62,65.6058,3.94232,7.33009,21.6633,81.0483,1.84737
No,User_998,Tesla Model 3,Morning,85,46.6199,1.56279,7.38869,16.7068,210.749,-0.460757
No,User_999,BMW i3,Afternoon,188.635,49.3632,1.22617,2.24613,25.5698,60.0145,-6.55335
No,User_1000,Chevy Bolt,Evening,100,24.8745,0.927152,11.4414,19.9704,60.8119,7.87904
No,User_1001,BMW i3,Morning,62,54.3622,1.92508,36.3613,26.4787,294.476,31.4782
No,User_1002,BMW i3,Night,50,6.44367,2.63453,14.9924,8.85538,11.7422,-4.27531
No,User_1003,BMW i3,Afternoon,75,28.2156,2.40681,23.6931,26.5517,293.582,28.844
No,User_1004,BMW i3,Morning,75,42.2855,2.71185,19.1672,12.9638,52.3833,37.902
No,User_1005,Hyundai Kona,Afternoon,85,76.1733,1.5061,28.5875,17.6838,369.854,18.0451
No,User_1006,Hyundai Kona,Evening,75,34.9972,0.786955,20.395,8.16307,283.05,36.235
No,User_1007,Nissan Leaf,Afternoon,75,26.5097,2.19005,25.963,24.6866,14.4484,3.47847
No,User_1008,Tesla Model 3,Morning,50,34.9551,1.6847,12.0294,9.96416,262.092,4.9456
No,User_1009,BMW i3,Afternoon,50,62.0462,0.922765,18.5627,37.5476,43.0279,-0.966444
No,User_1010,Nissan Leaf,Morning,50,69.8745,2.01463,16.5105,6.58562,245.076,2.773
No,User_1011,Tesla Model 3,Morning,100,10.4317,3.31316,31.3921,38.6061,227.139,5.44396
No,User_1012,Chevy Bolt,Morning,50,46.538,3.42737,7.19533,34.7115,150.652,29.3738
No,User_1013,Hyundai Kona,Night,50,53.2064,3.9491,47.6337,33.4238,146.682,11.3937
No,User_1014,Tesla Model 3,Evening,62,42.6429,1.08867,43.4872,21.4656,271.748,-9.55471
No,User_1015,Chevy Bolt,Evening,50,26.9679,2.73525,15.8222,28.822,114.816,39.774
No,User_1016,Tesla Model 3,Afternoon,62,68.5192,2.36205,48.5892,33.0048,77.7081,-2.26968
No,User_1017,Hyundai Kona,Afternoon,100,71.7085,5.44409,38.7961,37.0958,181.089,2.61613
No,User_1018,Hyundai Kona,Morning,50,79.2485,1.77372,33.0051,13.891,252.84,12.5362
No,User_1019,Nissan Leaf,Evening,157.576,34.1492,3.97557,48.7663,13.0779,257.464,19.7309
No,User_1020,BMW i3,Afternoon,86.0925,66.7063,2.83431,25.2906,9.15686,142.076,31.4887
No,User_1021,Tesla Model 3,Afternoon,62,30.7735,3.09791,49.7518,13.8514,234.747,12.8074
No,User_1022,Tesla Model 3,Evening,50,24.1558,2.30271,4.78415,13.8964,289.847,23.403
No,User_1023,Chevy Bolt,Morning,62,10.3476,3.31848,9.39164,39.7768,40.1358,37.4627
No,User_1024,Hyundai Kona,Afternoon,62,26.3045,3.58451,49.8892,9.56222,97.8184,31.4219
No,User_1025,Tesla Model 3,Morning,85,26.7303,0.668708,12.9537,26.7644,131.398,-4.60499
No,User_1026,Hyundai Kona,Evening,50,48.6148,3.69129,22.0689,31.4997,50.1344,11.9087
No,User_1027,Tesla Model 3,Evening,85,1.33023,1.33804,23.2929,11.8109,324.525,-3.94357
No,User_1028,Nissan Leaf,Afternoon,85,44.016,1.32431,38.1053,32.9354,78.1194,5.87954
No,User_1029,BMW i3,Afternoon,85,18.4339,1.61546,22.3247,10.4061,104.376,30.5199
No,User_1030,Tesla Model 3,Evening,62,37.7031,2.73467,34.7225,24.6729,274.459,6.67277
No,User_1031,Hyundai Kona,Morning,100,56.1984,0.18248,40.7237,19.6208,39.6792,34.0593
No,User_1032,Nissan Leaf,Morning,85,73.276,1.48721,23.3246,23.6146,153.597,31.1477
No,User_1033,Tesla Model 3,Night,100,76.8924,7.63514,10.4461,39.7945,226.395,32.8827
No,User_1034,Chevy Bolt,Evening,75,23.9251,1.62874,42.9291,21.8281,219.755,38.2608
No,User_1035,BMW i3,Afternoon,50,50.4894,0.720144,42.7874,15.8381,221.592,29.5952
No,User_1036,Tesla Model 3,Evening,60.6597,66.0915,1.27289,37.6006,14.8065,167.664,9.95392
No,User_1037,Nissan Leaf,Afternoon,62,6.91842,5.5055,49.0611,9.2139,196.347,26.2035
No,User_1038,Chevy Bolt,Morning,100,42.6429,1.58223,46.9222,23.9543,161.636,0.969888
No,User_1039,Nissan Leaf,Afternoon,85,61.0381,1.99377,41.5494,35.5511,95.5286,27.0555
No,User_1040,Nissan Leaf,Night,85,64.2296,2.12958,18.1626,14.831,171.224,14.3861
No,User_1041,Chevy Bolt,Morning,50,44.8868,2.04126,28.9774,7.09362,184.69,22.7537
No,User_1042,Nissan Leaf,Night,100,58.9409,3.20535,43.7022,37.3334,81.1829,19.4576
No,User_1043,Chevy Bolt,Evening,109.795,10.0398,1.30294,25.963,26.5942,81.8211,35.1452
No,User_1044,Tesla Model 3,Afternoon,100,17.5349,3.71846,7.63549,26.1161,89.8029,-4.38446
No,User_1045,Chevy Bolt,Morning,85,29.7584,2.15524,29.385,20.0653,51.2023,-1.35333
No,User_1046,Chevy Bolt,Afternoon,75,69.5965,2.33904,14.8607,38.1295,288.98,73.1696
No,User_1047,BMW i3,Night,75,49.9339,1.10862,37.9342,28.2865,56.7109,27.0097
No,User_1048,Chevy Bolt,Morning,75,14.4922,3.88926,41.3779,16.3847,97.0588,25.0023
No,User_1049,Chevy Bolt,Night,85,38.4094,2.49757,22.116,19.8268,153.597,-3.61334
No,User_1050,Tesla Model 3,Morning,100,8.23458,0.904993,43.8129,8.68224,298.719,38.569
No,User_1051,BMW i3,Evening,75,34.8616,3.4702,4.94061,24.3013,155.733,35.4016
No,User_1052,Hyundai Kona,Evening,62,57.9275,1.71547,25.963,31.5361,59.427,34.6574
No,User_1053,Tesla Model 3,Afternoon,50,49.4092,2.87931,34.0149,38.9202,274.981,-7.57174
No,User_1054,Tesla Model 3,Night,50,9.98078,1.8537,33.333,21.095,30.4325,37.805
No,User_1055,Hyundai Kona,Night,62,29.0524,2.9478,15.9635,7.67714,195.621,-1.97393
No,User_1056,Chevy Bolt,Morning,75,42.0942,1.00173,6.31003,3.66858,103.28,30.7223
No,User_1057,Nissan Leaf,Evening,75,45.7695,0.957052,17.4005,14.0233,153.597,1.26095
No,User_1058,BMW i3,Afternoon,75,53.7133,0.891461,18.623,29.0273,36.424,23.7637
No,User_1059,Nissan Leaf,Evening,55.8167,66.4055,3.02669,39.8562,35.4743,61.6119,33.7852
No,User_1060,Hyundai Kona,Night,85,11.4569,3.50759,18.9054,27.0267,99.808,15.4422
No,User_1061,Tesla Model 3,Afternoon,100,75.571,2.57445,21.5125,5.98501,281.313,13.4128
No,User_1062,Tesla Model 3,Evening,50,44.3613,2.86962,3.91866,6.97918,63.0324,39.9375
No,User_1063,BMW i3,Evening,62,28.253,0.908635,30.0024,12.1724,151.413,1.94075
No,User_1064,Tesla Model 3,Morning,100,39.4888,0.858459,16.3715,27.7675,250.812,35.7492
No,User_1065,Tesla Model 3,Morning,75,25.3659,0.560019,37.5831,7.14347,153.597,24.9061
No,User_1066,BMW i3,Night,62,69.211,2.28699,28.7566,5.5509,66.2003,11.8889
No,User_1067,BMW i3,Evening,45.816,34.6022,2.51884,5.57975,29.239,155.184,5.09723
No,User_1068,Hyundai Kona,Morning,62,40.787,3.43185,11.0319,22.8646,159.616,-0.658493
No,User_1069,Tesla Model 3,Evening,62,21.8713,0.572,10.6021,25.9873,296.576,33.4048
No,User_1070,Tesla Model 3,Afternoon,75,47.2321,3.64377,42.9603,37.9003,208.816,10.7391
No,User_1071,Hyundai Kona,Evening,62,42.6429,2.8776,18.56,13.9304,246.154,28.1006
No,User_1072,Chevy Bolt,Evening,82.6668,18.7905,1.63913,38.2618,39.5162,153.597,-2.73664
No,User_1073,Chevy Bolt,Night,100,47.2853,0.658087,3.60294,11.9666,295.214,-3.66736
No,User_1074,Chevy Bolt,Afternoon,62,30.1656,1.17245,21.3439,27.3885,185.553,37.2225
No,User_1075,Hyundai Kona,Afternoon,85,34.8951,1.6034,4.88144,33.675,269.888,-6.42874
No,User_1076,Tesla Model 3,Morning,100,54.9645,3.52294,41.407,38.7729,141.468,39.5338
No,User_1077,Hyundai Kona,Afternoon,50,74.7858,1.67851,36.5535,31.3021,245.597,21.3793
No,User_1078,Hyundai Kona,Night,75,34.7905,1.81388,23.2153,31.8011,247.749,17.2418
No,User_1079,Chevy Bolt,Morning,75,69.1331,3.00767,10.7056,17.3874,91.5512,3.4429
No,User_1080,Nissan Leaf,Evening,78.4317,38.0854,1.949,1.65494,15.6317,135.711,-5.93921
No,User_1081,Tesla Model 3,Afternoon,50,27.7527,0.903866,31.6559,17.0907,265.695,34.0229
No,User_1082,Chevy Bolt,Evening,85,41.6548,0.14003,11.1091,33.3878,111.863,13.0731
No,User_1083,Nissan Leaf,Morning,85,35.3868,2.30779,44.849,38.4035,286.835,-7.64342
No,User_1084,Nissan Leaf,Afternoon,85,68.5677,1.5582,16.4755,24.5349,92.0449,-9.83168
No,User_1085,BMW i3,Morning,106.821,42.6429,2.21514,38.9686,6.56321,30.6493,17.7751
No,User_1086,Tesla Model 3,Morning,50,36.4655,1.20917,37.8603,9.94151,56.4295,36.1518
No,User_1087,Nissan Leaf,Afternoon,100,44.6405,1.19666,25.963,17.6587,294.757,-6.26489
No,User_1088,Chevy Bolt,Afternoon,50,40.2716,2.69291,49.5664,25.5489,156.485,33.7913
No,User_1089,BMW i3,Morning,62,34.4334,0.680251,34.172,12.646,265.837,22.2062
No,User_1090,Tesla Model 3,Night,50,42.6429,0.942143,15.4153,31.4729,266.593,20.7801
No,User_1091,Hyundai Kona,Afternoon,85,18.5614,1.57607,25.963,7.25135,397.818,26.2034
No,User_1092,Chevy Bolt,Morning,75,59.7978,2.12215,14.5649,22.9342,276.225,-0.635148
No,User_1093,Nissan Leaf,Evening,75,59.7683,3.25394,35.055,39.2979,166.333,18.1646
No,User_1094,Nissan Leaf,Evening,62,36.7015,1.87249,19.1219,5.5556,49.5508,30.2858
No,User_1095,Chevy Bolt,Afternoon,62,10.2318,2.68678,44.9556,36.6449,112.014,-3.8238
No,User_1096,Nissan Leaf,Afternoon,100,24.2305,0.93401,7.75734,23.5291,171.992,4.97529
No,User_1097,BMW i3,Evening,85,21.7061,2.5051,47.9795,8.1235,169.832,18.7488
No,User_1098,Tesla Model 3,Morning,85,57.8963,1.73381,10.4116,23.0852,101.554,23.9063
No,User_1099,BMW i3,Morning,85,35.1711,1.3929,38.8211,39.911,178.011,8.22366
No,User_1100,Nissan Leaf,Morning,75,15.7296,3.88267,38.3152,19.6338,279.031,10.7534
No,User_1101,Hyundai Kona,Night,85,34.078,2.36489,12.5976,19.57,153.597,5.36992
No,User_1102,Tesla Model 3,Afternoon,100,26.0502,2.03447,27.1455,36.216,211.495,19.3947
No,User_1103,Tesla Model 3,Night,85,21.8479,3.27572,25.963,11.7674,240.656,11.9137
No,User_1104,Chevy Bolt,Night,75,15.4255,1.70938,18.9999,22.7681,218.142,0.00996083
No,User_1105,Chevy Bolt,Night,85,13.6507,1.46022,33.3041,38.3143,153.597,28.9191
No,User_1106,Hyundai Kona,Night,75,24.7757,0.878089,25.963,7.64075,171.106,0.95113
No,User_1107,Tesla Model 3,Morning,75,67.4581,0.873293,17.8856,29.5186,93.3487,24.4157
No,User_1108,Hyundai Kona,Afternoon,62,12.0432,1.02862,25.963,22.7428,284.195,12.5885
No,User_1109,Chevy Bolt,Afternoon,85,61.2315,2.33131,9.1425,38.6627,13.7945,38.9639
No,User_1110,Chevy Bolt,Night,50,23.1933,2.00771,31.9832,5.81156,181.05,17.0754
No,User_1111,Tesla Model 3,Afternoon,85,48.3862,3.73836,27.8052,15.9866,112.098,17.947
No,User_1112,BMW i3,Evening,75,29.6808,3.72162,45.6713,21.0645,265.979,34.1886
No,User_1113,Nissan Leaf,Morning,85,25.0884,3.44738,4.95916,21.5292,153.597,-9.60091
No,User_1114,Chevy Bolt,Afternoon,75,42.6429,2.22091,47.6562,19.8056,200.883,20.778
No,User_1115,Chevy Bolt,Morning,100,56.1151,1.05742,5.48804,16.3478,81.9684,36.5925
No,User_1116,BMW i3,Evening,50,15.8987,3.1652,40.4445,12.0677,211.553,-5.0686
No,User_1117,BMW i3,Morning,85,41.157,3.2635,46.1297,13.4424,125.763,29.4542
No,User_1118,Hyundai Kona,Evening,50,41.9059,1.89449,24.4796,26.7281,44.5059,11.7683
No,User_1119,Hyundai Kona,Night,85,8.33579,2.43294,41.7588,8.21249,206.27,-7.32775
No,User_1120,Nissan Leaf,Afternoon,62,90.2355,1.28599,4.84145,35.0288,102.755,36.3683
No,User_1121,Nissan Leaf,Night,62,18.1025,1.93469,41.5527,37.6968,51.2394,1.10263
No,User_1122,Tesla Model 3,Afternoon,50,59.1985,3.40473,10.5536,7.03485,286.817,2.48307
No,User_1123,Hyundai Kona,Night,85,42.6429,3.77769,7.75127,11.5743,249.129,5.15082
No,User_1124,Chevy Bolt,Evening,85,15.7748,2.68975,25.3649,36.2255,297.102,23.9631
No,User_1125,Hyundai Kona,Afternoon,50,75.0903,1.84942,12.3745,6.12331,150.26,23.9819
No,User_1126,Chevy Bolt,Night,100,23.915,2.33281,33.505,5.58722,295.972,4.8323
No,User_1127,BMW i3,Morning,50,13.82,2.09078,12.2748,20.837,119.345,38.5889
No,User_1128,Hyundai Kona,Morning,62,79.9727,1.15794,37.4622,8.47145,117.698,16.0524
No,User_1129,BMW i3,Night,50,5.16381,3.91001,5.2652,7.41184,45.4006,-9.82457
No,User_1130,Nissan Leaf,Evening,75,55.0953,1.28944,45.2106,8.63188,100.84,3.28742
No,User_1131,Nissan Leaf,Night,102.399,38.1882,3.22783,23.1964,8.64437,72.3223,21.1814
No,User_1132,Tesla Model 3,Morning,60.3092,41.1317,0.63263,46.5434,10.6812,224.56,11.1337
No,User_1133,Hyundai Kona,Afternoon,100,55.1998,1.70112,26.9703,13.3226,153.597,15.3032
No,User_1134,BMW i3,Afternoon,75,72.3112,0.94538,34.2617,23.8937,54.1387,8.41258
No,User_1135,Chevy Bolt,Night,75,37.4938,1.85477,15.8,7.39269,215.9,0.400355
No,User_1136,Nissan Leaf,Afternoon,62,55.375,3.13621,18.0502,8.6235,270.037,-2.64224
No,User_1137,Nissan Leaf,Morning,75,33.4674,3.38616,18.943,33.2243,40.3186,26.8277
No,User_1138,Chevy Bolt,Afternoon,85,53.3595,3.38307,11.3141,23.0579,153.597,3.50741
No,User_1139,BMW i3,Night,62,76.0377,2.19705,14.8929,14.957,259.718,23.1895
No,User_1140,BMW i3,Night,75,9.79335,3.76024,12.8866,20.9113,60.3285,31.3544
No,User_1141,Hyundai Kona,Night,85,45.4534,1.44109,28.194,39.5971,131.054,28.5137
No,User_1142,Hyundai Kona,Morning,100,31.7287,2.29461,37.5032,28.3769,47.4162,7.58004
No,User_1143,Tesla Model 3,Evening,62,76.1648,2.47541,32.5575,26.7656,82.9998,38.5033
No,User_1144,Nissan Leaf,Afternoon,75,59.1686,2.76562,15.2225,18.817,156.81,29.0637
No,User_1145,Hyundai Kona,Night,179.013,15.104,2.89156,5.05246,22.0122,152.888,18.9741
No,User_1146,BMW i3,Evening,62,66.2465,1.2542,37.4623,13.369,152.262,8.95413
No,User_1147,Chevy Bolt,Night,75,30.7262,3.0009,11.2158,37.9647,207.482,-4.44626
No,User_1148,BMW i3,Night,85,77.693,3.62437,25.963,21.9886,15.2151,-8.37401
No,User_1149,Nissan Leaf,Morning,100,77.125,1.23352,39.4291,29.7853,272.795,-3.66358
No,User_1150,BMW i3,Morning,100,8.28244,1.24529,11.018,27.3266,216.502,-2.6453
No,User_1151,Tesla Model 3,Evening,75,50.5305,1.02889,34.6363,5.11486,62.5292,-9.1622
No,User_1152,Nissan Leaf,Night,65.974,64.9305,3.73258,45.6014,38.4549,115.732,26.6772
No,User_1153,Chevy Bolt,Afternoon,85,42.6429,3.33994,39.405,11.0831,153.597,32.311
No,User_1154,Tesla Model 3,Afternoon,62,55.6285,1.37617,8.17996,25.7178,294.293,14.5646
No,User_1155,Nissan Leaf,Afternoon,85,41.9933,1.19769,6.48334,30.3797,54.2681,37.2898
No,User_1156,Chevy Bolt,Evening,24.74,38.6972,0.550018,30.8468,12.7321,384.691,36.6632
No,User_1157,Tesla Model 3,Morning,84.6317,62.2627,1.7046,23.5779,17.1855,299.663,9.25015
No,User_1158,Tesla Model 3,Evening,62,35.8441,3.79499,34.741,13.9072,263.576,9.18786
No,User_1159,Nissan Leaf,Morning,100,55.4688,3.54038,26.4843,14.8289,76.9265,1.35851
No,User_1160,Hyundai Kona,Afternoon,62,19.7215,1.48328,47.6091,9.04099,32.3236,35.7695
No,User_1161,Tesla Model 3,Afternoon,28.5922,68.4503,2.18615,14.9718,14.5028,61.809,18.5993
No,User_1162,Tesla Model 3,Morning,62,79.9497,1.65916,10.8873,17.6231,176.221,34.4287
No,User_1163,Chevy Bolt,Afternoon,85,60.469,3.71739,28.7534,19.6493,147.736,-2.6601
No,User_1164,BMW i3,Evening,75,35.3827,1.71783,23.7716,16.0843,33.6878,33.8936
No,User_1165,Nissan Leaf,Morning,62,37.688,0.602417,45.3645,33.8119,172.102,26.067
No,User_1166,Nissan Leaf,Afternoon,110.658,20.7934,1.47067,30.1857,16.0762,155.784,13.6599
No,User_1167,Hyundai Kona,Night,100,53.3629,3.79982,38.6255,13.6119,42.1394,29.8802
No,User_1168,Hyundai Kona,Afternoon,100,24.2673,1.64042,30.4858,15.8064,80.3186,11.6974
No,User_1169,Nissan Leaf,Night,62,68.209,2.84419,21.8987,38.6464,71.1694,34.3754
No,User_1170,Hyundai Kona,Afternoon,100,27.7061,2.85835,45.3267,38.0364,104.862,19.0293
No,User_1171,Chevy Bolt,Night,50,76.6873,0.729883,45.7583,35.2654,190.938,38.7386
No,User_1172,Nissan Leaf,Afternoon,50,45.3646,0.56411,25.0415,33.7126,109.932,37.3308
No,User_1173,Hyundai Kona,Night,50,27.498,1.3745,46.4773,8.15486,97.4624,12.4098
No,User_1174,Nissan Leaf,Morning,100,74.7069,3.68149,33.4636,38.7662,166.683,7.88411
No,User_1175,BMW i3,Morning,100,37.5205,2.78184,24.984,12.9776,27.7169,-7.64782
No,User_1176,Tesla Model 3,Night,100.565,24.0435,2.90654,26.0312,25.4853,146.922,8.82592
No,User_1177,Nissan Leaf,Afternoon,75,9.51653,1.27837,48.5765,15.1413,207.105,27.8309
No,User_1178,Tesla Model 3,Evening,48.3537,39.8843,3.03691,19.4611,20.3396,172.519,31.6367
No,User_1179,Hyundai Kona,Evening,50,5.75552,2.29045,39.127,34.3997,107.669,18.9627
No,User_1180,Tesla Model 3,Evening,100,13.0035,1.70467,41.1849,18.408,245.858,39.6319
No,User_1181,Nissan Leaf,Evening,62,21.3516,2.85721,21.4962,19.2956,29.2594,2.5012
No,User_1182,BMW i3,Night,100,48.8467,1.66397,7.24395,17.933,107.308,-0.336715
No,User_1183,Hyundai Kona,Morning,100,9.20601,2.85882,14.8329,34.4481,280.544,18.4559
No,User_1184,Nissan Leaf,Morning,75,19.9367,1.90648,26.7491,37.0187,105.657,3.36921
No,User_1185,Hyundai Kona,Evening,62,42.6429,1.05436,27.8174,12.4269,122.295,12.786
No,User_1186,Chevy Bolt,Morning,85,76.1878,2.85024,14.9841,22.6461,69.1866,15.2473
No,User_1187,Tesla Model 3,Night,75,72.9407,3.60923,13.825,35.8589,19.3083,38.667
No,User_1188,Chevy Bolt,Evening,75,24.5417,1.71289,25.963,31.0577,81.7386,-1.63819
No,User_1189,Nissan Leaf,Night,85,7.44682,3.48144,25.963,15.1342,30.9222,10.5069
No,User_1190,BMW i3,Night,85,17.199,1.66318,25.963,38.8862,160.294,-4.25353
No,User_1191,Hyundai Kona,Afternoon,50,42.6429,2.28783,21.6722,8.33103,116.655,-3.11254
No,User_1192,Tesla Model 3,Night,75,72.2786,1.09535,7.44311,11.9895,155.305,4.69883
No,User_1193,Hyundai Kona,Afternoon,85,18.0171,2.4616,43.7012,17.7846,28.5492,19.1656
No,User_1194,Nissan Leaf,Evening,75,59.1266,2.42141,6.93861,37.9858,238.736,19.7452
No,User_1195,Hyundai Kona,Night,85,35.8667,4.22667,32.7973,25.0308,258.032,8.25348
No,User_1196,Tesla Model 3,Morning,62,5.20011,1.88766,49.3332,30.8654,179.293,37.5767
No,User_1197,Nissan Leaf,Evening,50,28.7723,1.19291,25.7988,17.0201,163.039,37.4853
No,User_1198,Hyundai Kona,Night,75,61.908,3.09977,37.7744,31.2227,291.181,18.7749
No,User_1199,BMW i3,Night,100,35.0176,2.84882,12.5407,26.8282,49.6656,10.2049
No,User_1200,Nissan Leaf,Morning,50,14.8045,2.61406,27.4992,33.9939,58.8702,27.2222
No,User_1201,Nissan Leaf,Afternoon,75,65.1029,1.02083,47.4398,31.7011,41.2561,10.9263
No,User_1202,BMW i3,Night,75,18.121,3.40581,35.164,15.365,277.015,4.59963
No,User_1203,Chevy Bolt,Night,86.7181,61.631,2.94292,20.3912,32.9642,83.9199,-6.98334
No,User_1204,Tesla Model 3,Morning,75,71.8059,3.73627,39.4679,21.0068,55.9748,-0.831142
No,User_1205,Chevy Bolt,Evening,100,45.9892,1.59903,42.3644,19.2305,113.455,5.82478
No,User_1206,Hyundai Kona,Night,100,45.859,1.30933,47.5037,35.5479,85.0048,7.1597
No,User_1207,BMW i3,Afternoon,100,55.6919,2.87081,3.85623,5.4337,153.597,11.3536
No,User_1208,Chevy Bolt,Afternoon,61.9534,23.0505,3.6619,36.7699,9.64417,286.379,-7.85827
No,User_1209,Nissan Leaf,Morning,50,39.9727,0.69413,37.6753,35.4752,60.9173,11.0228
No,User_1210,Hyundai Kona,Afternoon,75,21.0536,1.46177,6.30607,46.1729,135.637,26.1933
No,User_1211,Hyundai Kona,Night,100,8.78902,2.91246,25.963,15.6622,98.6602,-9.12448
No,User_1212,Chevy Bolt,Afternoon,62,97.6678,2.81904,34.0061,14.8735,249.072,-7.75475
No,User_1213,Chevy Bolt,Night,100,39.9458,2.70599,34.1016,29.2449,132.787,-5.49905
No,User_1214,BMW i3,Morning,86.1665,41.0129,3.06954,35.2396,43.3741,223.72,31.5891
No,User_1215,Tesla Model 3,Afternoon,75,11.4222,3.2544,26.1443,12.8582,31.3064,-2.4416
No,User_1216,Chevy Bolt,Night,100,52.2844,1.77281,23.8767,23.7033,41.2916,6.38556
No,User_1217,Chevy Bolt,Evening,75,77.6323,3.30687,11.179,10.9064,101.403,2.21108
No,User_1218,Nissan Leaf,Night,50,14.1754,2.20614,21.8574,23.9203,295.959,8.014
No,User_1219,Hyundai Kona,Night,62,28.3375,2.26075,36.2861,35.1824,85.8856,15.7251
No,User_1220,Tesla Model 3,Morning,100,17.6289,1.73028,11.3802,30.5945,179.749,36.4459
No,User_1221,Nissan Leaf,Night,75,45.4511,1.13103,12.8171,29.151,39.8914,37.7313
No,User_1222,BMW i3,Morning,50,49.6609,3.59024,17.6633,12.3921,236.732,-4.13753
No,User_1223,BMW i3,Night,85,23.9421,2.15922,18.8196,23.7723,190.202,-3.24467
No,User_1224,Chevy Bolt,Night,85,23.8699,2.44142,23.6037,10.9105,158.222,11.048
No,User_1225,Chevy Bolt,Night,50,8.64128,2.49466,19.6697,21.9786,132.613,0.874165
No,User_1226,BMW i3,Morning,75,11.1396,0.767175,25.963,37.3396,246.706,35.7761
No,User_1227,Chevy Bolt,Night,100,46.4024,0.979076,38.5139,6.69269,18.6395,-1.89869
No,User_1228,Tesla Model 3,Morning,64.9254,77.2662,3.49812,28.9265,37.5077,27.6649,11.9954
No,User_1229,Chevy Bolt,Evening,100,5.99514,3.97697,34.9539,30.413,270.664,22.9756
No,User_1230,Hyundai Kona,Morning,54.0322,21.2707,3.34236,40.1769,12.1862,75.7276,31.3469
No,User_1231,Chevy Bolt,Evening,62,38.1386,0.948056,42.5167,21.8129,145.034,39.7074
No,User_1232,Nissan Leaf,Morning,85,37.998,2.06073,10.4935,16.6529,214.384,-1.84483
No,User_1233,Tesla Model 3,Morning,50,12.8931,2.1413,17.3414,18.144,88.5404,20.0551
No,User_1234,Nissan Leaf,Night,85,60.6246,1.96227,22.6804,32.7419,286.422,29.7237
No,User_1235,Nissan Leaf,Afternoon,100,42.6429,1.61607,27.797,58.2546,58.2823,33.6658
No,User_1236,Hyundai Kona,Afternoon,75,5.86832,0.890728,21.3263,21.9083,280.976,-1.56249
No,User_1237,Tesla Model 3,Night,62,42.6429,1.2816,36.6013,29.7815,11.7694,12.2356
No,User_1238,Tesla Model 3,Evening,100,77.6988,1.2249,26.4238,17.059,196.29,36.6425
No,User_1239,Tesla Model 3,Night,85,94.3653,2.24342,31.6541,38.0945,205.84,19.1191
No,User_1240,Tesla Model 3,Afternoon,62,43.9582,1.76786,36.0028,10.4322,49.9121,3.91583
No,User_1241,Tesla Model 3,Morning,85,76.4807,1.91272,42.3662,15.6619,92.3272,5.65211
No,User_1242,Hyundai Kona,Night,78.5111,66.1782,3.26494,5.92318,37.2776,108.141,2.24162
No,User_1243,Chevy Bolt,Evening,50,76.2424,3.7289,6.7986,21.0892,94.4297,2.55466
No,User_1244,Nissan Leaf,Night,75,35.1574,0.154301,17.6399,19.9559,31.7912,-6.22549
No,User_1245,Tesla Model 3,Afternoon,85,53.1198,1.80733,41.6901,33.389,139.244,18.7118
No,User_1246,Chevy Bolt,Morning,50,43.126,2.76539,5.76664,21.5953,167.617,31.0576
No,User_1247,Chevy Bolt,Afternoon,75,60.6815,2.21515,15.6315,31.6514,61.5153,15.955
No,User_1248,Nissan Leaf,Afternoon,85,33.6745,2.00887,24.8596,37.3986,230.791,25.4264
No,User_1249,Hyundai Kona,Afternoon,100,54.5486,1.60323,19.1029,17.0268,44.4146,26.2295
No,User_1250,BMW i3,Afternoon,62,14.1163,0.940002,21.3831,3.70707,262.129,0.669346
No,User_1251,BMW i3,Morning,62,11.3219,1.82181,39.9581,3.05904,111.699,-0.886887
No,User_1252,Chevy Bolt,Afternoon,50,26.5867,1.72444,24.4508,25.2048,191.387,5.32009
No,User_1253,Nissan Leaf,Evening,75,65.9222,3.31827,37.525,8.19726,31.8154,-0.647558
No,User_1254,BMW i3,Evening,62,37.5159,0.797133,25.963,9.5891,238.751,-2.56078
No,User_1255,Chevy Bolt,Afternoon,100,20.0746,2.46911,48.0739,13.6568,35.4492,6.23114
No,User_1256,Hyundai Kona,Evening,100,10.3906,1.48404,38.4249,39.7958,243.315,39.3945
No,User_1257,BMW i3,Afternoon,75,5.89284,1.23599,40.7768,11.6512,100.99,16.8923
No,User_1258,Chevy Bolt,Morning,75,48.5249,3.00167,6.02348,6.771,119.991,37.1315
No,User_1259,Chevy Bolt,Morning,100,51.945,2.46159,9.16604,29.4719,220.775,14.4834
No,User_1260,Tesla Model 3,Evening,85,20.7904,3.24746,41.2372,25.7925,259.924,22.8974
No,User_1261,Hyundai Kona,Evening,100,49.4835,1.73227,18.9376,37.6608,49.0542,-7.47811
No,User_1262,Tesla Model 3,Afternoon,75,25.5275,0.43489,25.963,25.0212,265.238,18.9965
No,User_1263,Nissan Leaf,Night,50,19.958,1.29827,43.0077,37.0609,51.4218,30.0063
No,User_1264,Tesla Model 3,Afternoon,50,33.6942,3.98283,22.7071,35.8013,29.8129,10.6072
No,User_1265,Tesla Model 3,Afternoon,50,45.1594,0.919046,31.3125,39.2537,61.5067,17.2584
No,User_1266,BMW i3,Morning,100,60.8311,3.57419,48.3212,9.9754,29.6749,3.17179
No,User_1267,Chevy Bolt,Night,75,42.6429,1.23283,43.9802,22.5608,286.323,15.6127
No,User_1268,Hyundai Kona,Night,100,47.6783,1.42491,37.7499,36.5486,268.695,27.781
No,User_1269,Tesla Model 3,Afternoon,85,27.6379,1.92058,57.0998,10.2182,206.44,9.38314
No,User_1270,Hyundai Kona,Morning,62,66.4611,3.89416,47.7235,21.5669,250.864,18.39
No,User_1271,Tesla Model 3,Evening,75,42.6429,0.548378,37.2465,15.3674,49.1227,-2.46273
No,User_1272,Nissan Leaf,Morning,75,42.6429,2.33781,36.9322,25.857,56.9023,37.4925
No,User_1273,Tesla Model 3,Evening,62,10.2016,3.99369,36.8004,36.5652,131.971,12.6162
No,User_1274,BMW i3,Morning,85,67.6146,3.9268,23.4022,24.0157,227.063,6.14368
No,User_1275,Chevy Bolt,Night,85,8.93691,3.62326,35.3171,9.93477,79.489,14.3311
No,User_1276,Nissan Leaf,Morning,62,26.444,3.69224,27.1214,27.3704,265.561,14.3941
No,User_1277,Tesla Model 3,Afternoon,100,42.018,0.730266,13.303,13.0886,1.89954,14.6419
No,User_1278,Hyundai Kona,Evening,75,27.9972,1.76862,25.963,25.5372,212.708,-6.85507
No,User_1279,Nissan Leaf,Morning,50,34.5413,2.53918,14.2396,26.0335,181.854,13.0289
No,User_1280,Nissan Leaf,Morning,100,67.0783,3.88398,23.0981,11.9807,195.72,5.01003
No,User_1281,Tesla Model 3,Evening,100,39.707,3.77514,18.6853,24.1925,209.372,0.259103
No,User_1282,Nissan Leaf,Morning,50,6.44888,2.24643,11.0194,5.38824,153.597,12.1932
No,User_1283,Hyundai Kona,Evening,62,30.7515,3.77767,19.4801,12.8996,129.546,31.9803
No,User_1284,Nissan Leaf,Night,50,28.8029,0.7584,45.5188,20.8993,22.3327,-0.257359
No,User_1285,Hyundai Kona,Evening,63.9905,30.9876,1.93281,25.963,35.732,203.06,28.3538
No,User_1286,Tesla Model 3,Evening,100,85.0399,3.70838,26.7266,21.8438,279.867,22.6699
No,User_1287,Chevy Bolt,Night,50,47.7678,2.67945,32.9943,30.8595,221.536,15.3633
No,User_1288,Nissan Leaf,Morning,62,57.4544,1.12116,35.7302,26.4146,57.2895,33.4906
No,User_1289,Chevy Bolt,Morning,50,45.9395,1.81343,16.5579,22.1471,232.599,27.5741
No,User_1290,Hyundai Kona,Night,50,49.5348,0.805284,42.137,23.9961,279.439,4.52437
No,User_1291,Nissan Leaf,Afternoon,100,52.7398,2.18139,9.72125,33.8172,56.8608,37.1182
No,User_1292,BMW i3,Evening,50,61.933,2.76877,37.3931,24.5214,17.9544,0.710858
No,User_1293,Chevy Bolt,Morning,85,23.4379,3.46365,50.3506,8.48328,22.6241,14.7852
No,User_1294,Nissan Leaf,Morning,62,8.31581,0.728102,11.7372,20.7043,271.526,35.8218
No,User_1295,Chevy Bolt,Evening,50,10.185,3.41145,29.8307,18.8181,83.8737,26.5242
No,User_1296,Nissan Leaf,Evening,100,71.9451,3.94257,7.47769,24.898,185.763,24.8513
No,User_1297,Tesla Model 3,Evening,100,9.20907,2.41621,43.7734,27.7144,58.799,9.62657
No,User_1298,Chevy Bolt,Afternoon,80.245,21.9185,1.67314,6.45384,7.49284,198.594,29.0946
No,User_1299,BMW i3,Night,85,21.7954,1.17187,37.7362,27.4606,39.04,-4.0528
No,User_1300,BMW i3,Afternoon,62,27.9949,1.47545,41.5152,7.26008,42.8006,3.89173
No,User_1301,Hyundai Kona,Afternoon,62,35.7623,1.92637,22.8678,17.07,273.507,39.2076
No,User_1302,Nissan Leaf,Evening,85,7.91719,1.7939,31.7458,27.9625,18.7824,11.7657
No,User_1303,Chevy Bolt,Night,60.8032,26.1775,4.2992,11.0782,11.4139,76.3394,-8.55337
No,User_1304,Hyundai Kona,Morning,81.062,42.6429,1.69596,13.4872,14.3178,11.2567,13.7379
No,User_1305,Chevy Bolt,Evening,46.1729,60.2514,2.73607,42.3379,21.1045,173.293,31.5476
No,User_1306,Nissan Leaf,Night,50,15.6917,2.1314,14.1889,9.25394,194.779,12.2671
No,User_1307,BMW i3,Morning,75,54.8251,0.557213,45.8638,22.93,69.7286,23.6014
No,User_1308,Tesla Model 3,Afternoon,85,65.2325,1.56659,17.13,5.7095,35.6352,33.9376
No,User_1309,BMW i3,Night,75,6.43232,0.930239,9.02594,16.4311,209.984,21.697
No,User_1310,Hyundai Kona,Afternoon,50,16.1261,3.90961,4.1942,27.637,82.8826,29.2394
No,User_1311,Tesla Model 3,Afternoon,62,66.9799,0.775663,13.7872,38.833,153.597,36.4321
No,User_1312,Hyundai Kona,Night,50,74.2767,2.84915,25.0735,38.194,194.794,7.73197
No,User_1313,Nissan Leaf,Morning,75,39.7339,1.2493,21.3956,19.4137,153.597,24.109
No,User_1314,Tesla Model 3,Night,129.351,60.7251,2.36599,10.4919,11.2897,279.552,-1.36999
No,User_1315,Hyundai Kona,Morning,50,43.2515,2.50181,63.2161,36.3569,220.282,1.63085
No,User_1316,Nissan Leaf,Evening,100,42.0117,1.42644,5.89548,22.0812,239.601,1.91965
No,User_1317,BMW i3,Evening,100,68.1859,3.23821,18.388,5.06781,164.376,34.0298
No,User_1318,Nissan Leaf,Evening,100,18.8951,3.26712,45.4821,37.255,226.519,20.3588
No,User_1319,Chevy Bolt,Afternoon,85,13.7563,2.75453,38.1482,39.0461,291.494,24.1346
No,User_1320,Nissan Leaf,Evening,120.447,63.6526,3.74097,33.7042,10.8637,14.4492,-6.96659
